Epoch: [0][0/1126], lr: 0.00500	Time 33.564 (33.564)	Data 26.601 (26.601)	Loss 0.0082 (0.0082)	Prec@1 100.000 (100.000)	Prec@5 100.000 (100.000)
Epoch: [0][20/1126], lr: 0.00500	Time 22.836 (8.814)	Data 22.043 (7.757)	Loss 0.0721 (0.0304)	Prec@1 96.875 (99.256)	Prec@5 100.000 (100.000)
Epoch: [0][40/1126], lr: 0.00500	Time 28.540 (9.099)	Data 27.745 (8.195)	Loss 0.2733 (0.0606)	Prec@1 93.750 (98.780)	Prec@5 100.000 (99.848)
Epoch: [0][60/1126], lr: 0.00500	Time 25.925 (9.038)	Data 25.114 (8.187)	Loss 0.0407 (0.0640)	Prec@1 100.000 (98.668)	Prec@5 100.000 (99.846)
Epoch: [0][80/1126], lr: 0.00500	Time 29.543 (9.097)	Data 28.796 (8.274)	Loss 0.2247 (0.0712)	Prec@1 96.875 (98.534)	Prec@5 96.875 (99.769)
Epoch: [0][100/1126], lr: 0.00500	Time 24.147 (8.861)	Data 23.368 (8.054)	Loss 0.0106 (0.0753)	Prec@1 100.000 (98.236)	Prec@5 100.000 (99.752)
Epoch: [0][120/1126], lr: 0.00500	Time 27.194 (8.902)	Data 26.454 (8.106)	Loss 0.0302 (0.0783)	Prec@1 100.000 (98.115)	Prec@5 100.000 (99.793)
Epoch: [0][140/1126], lr: 0.00500	Time 28.086 (9.006)	Data 27.332 (8.217)	Loss 0.0551 (0.0747)	Prec@1 96.875 (98.160)	Prec@5 100.000 (99.801)
Epoch: [0][160/1126], lr: 0.00500	Time 30.391 (9.075)	Data 29.611 (8.292)	Loss 0.1129 (0.0778)	Prec@1 96.875 (98.078)	Prec@5 100.000 (99.806)
Epoch: [0][180/1126], lr: 0.00500	Time 33.235 (9.137)	Data 32.455 (8.359)	Loss 0.0643 (0.0773)	Prec@1 96.875 (98.084)	Prec@5 100.000 (99.793)
Epoch: [0][200/1126], lr: 0.00500	Time 20.425 (9.078)	Data 19.654 (8.304)	Loss 0.0353 (0.0795)	Prec@1 100.000 (98.041)	Prec@5 100.000 (99.767)
Epoch: [0][220/1126], lr: 0.00500	Time 25.717 (9.048)	Data 24.925 (8.277)	Loss 0.0270 (0.0816)	Prec@1 100.000 (97.936)	Prec@5 100.000 (99.760)
Epoch: [0][240/1126], lr: 0.00500	Time 35.623 (9.074)	Data 34.827 (8.305)	Loss 0.0263 (0.0827)	Prec@1 100.000 (97.912)	Prec@5 100.000 (99.767)
Epoch: [0][260/1126], lr: 0.00500	Time 37.585 (9.105)	Data 36.757 (8.338)	Loss 0.0473 (0.0863)	Prec@1 100.000 (97.833)	Prec@5 100.000 (99.749)
Epoch: [0][280/1126], lr: 0.00500	Time 35.612 (9.065)	Data 34.835 (8.300)	Loss 0.0539 (0.0869)	Prec@1 100.000 (97.809)	Prec@5 100.000 (99.744)
Epoch: [0][300/1126], lr: 0.00500	Time 35.306 (9.069)	Data 34.499 (8.306)	Loss 0.0962 (0.0867)	Prec@1 96.875 (97.757)	Prec@5 100.000 (99.761)
Epoch: [0][320/1126], lr: 0.00500	Time 23.883 (9.014)	Data 23.110 (8.252)	Loss 0.1967 (0.0906)	Prec@1 93.750 (97.595)	Prec@5 100.000 (99.766)
Epoch: [0][340/1126], lr: 0.00500	Time 29.721 (8.984)	Data 28.926 (8.223)	Loss 0.0681 (0.0896)	Prec@1 100.000 (97.617)	Prec@5 100.000 (99.780)
Epoch: [0][360/1126], lr: 0.00500	Time 27.637 (8.957)	Data 26.886 (8.197)	Loss 0.0744 (0.0904)	Prec@1 100.000 (97.568)	Prec@5 100.000 (99.792)
Epoch: [0][380/1126], lr: 0.00500	Time 28.297 (8.994)	Data 27.507 (8.235)	Loss 0.0886 (0.0911)	Prec@1 96.875 (97.507)	Prec@5 100.000 (99.803)
Epoch: [0][400/1126], lr: 0.00500	Time 27.066 (9.022)	Data 26.256 (8.264)	Loss 0.2483 (0.0914)	Prec@1 93.750 (97.514)	Prec@5 100.000 (99.797)
Epoch: [0][420/1126], lr: 0.00500	Time 27.969 (9.019)	Data 27.231 (8.262)	Loss 0.0685 (0.0930)	Prec@1 100.000 (97.484)	Prec@5 100.000 (99.785)
Epoch: [0][440/1126], lr: 0.00500	Time 31.733 (9.039)	Data 30.985 (8.282)	Loss 0.1459 (0.0942)	Prec@1 87.500 (97.399)	Prec@5 100.000 (99.780)
Epoch: [0][460/1126], lr: 0.00500	Time 28.829 (9.042)	Data 28.065 (8.287)	Loss 0.0376 (0.0934)	Prec@1 100.000 (97.438)	Prec@5 100.000 (99.790)
Epoch: [0][480/1126], lr: 0.00500	Time 28.582 (9.060)	Data 27.840 (8.305)	Loss 0.0382 (0.0940)	Prec@1 100.000 (97.434)	Prec@5 100.000 (99.786)
Epoch: [0][500/1126], lr: 0.00500	Time 27.041 (9.079)	Data 26.268 (8.324)	Loss 0.1015 (0.0944)	Prec@1 96.875 (97.424)	Prec@5 100.000 (99.782)
Epoch: [0][520/1126], lr: 0.00500	Time 23.965 (9.072)	Data 23.191 (8.318)	Loss 0.2223 (0.0953)	Prec@1 93.750 (97.403)	Prec@5 100.000 (99.784)
Epoch: [0][540/1126], lr: 0.00500	Time 29.729 (9.048)	Data 28.987 (8.294)	Loss 0.1187 (0.0953)	Prec@1 96.875 (97.401)	Prec@5 100.000 (99.786)
Epoch: [0][560/1126], lr: 0.00500	Time 28.080 (9.047)	Data 27.265 (8.294)	Loss 0.0630 (0.0953)	Prec@1 100.000 (97.415)	Prec@5 100.000 (99.783)
Epoch: [0][580/1126], lr: 0.00500	Time 20.674 (9.051)	Data 19.927 (8.298)	Loss 0.0477 (0.0966)	Prec@1 100.000 (97.370)	Prec@5 100.000 (99.785)
Epoch: [0][600/1126], lr: 0.00500	Time 11.637 (9.047)	Data 10.911 (8.295)	Loss 0.1623 (0.0967)	Prec@1 93.750 (97.374)	Prec@5 100.000 (99.782)
Epoch: [0][620/1126], lr: 0.00500	Time 14.969 (9.013)	Data 14.238 (8.262)	Loss 0.1215 (0.0952)	Prec@1 93.750 (97.413)	Prec@5 100.000 (99.789)
Epoch: [0][640/1126], lr: 0.00500	Time 8.523 (9.028)	Data 7.775 (8.277)	Loss 0.1286 (0.0953)	Prec@1 96.875 (97.387)	Prec@5 100.000 (99.795)
Epoch: [0][660/1126], lr: 0.00500	Time 10.547 (9.032)	Data 9.804 (8.281)	Loss 0.0900 (0.0947)	Prec@1 96.875 (97.395)	Prec@5 100.000 (99.801)
Epoch: [0][680/1126], lr: 0.00500	Time 11.443 (9.035)	Data 10.714 (8.284)	Loss 0.2323 (0.0948)	Prec@1 90.625 (97.394)	Prec@5 100.000 (99.803)
Epoch: [0][700/1126], lr: 0.00500	Time 8.360 (9.030)	Data 7.613 (8.280)	Loss 0.1096 (0.0950)	Prec@1 96.875 (97.397)	Prec@5 100.000 (99.808)
Epoch: [0][720/1126], lr: 0.00500	Time 0.893 (8.998)	Data 0.163 (8.248)	Loss 0.1862 (0.0953)	Prec@1 93.750 (97.378)	Prec@5 96.875 (99.809)
Epoch: [0][740/1126], lr: 0.00500	Time 10.889 (8.989)	Data 10.156 (8.240)	Loss 0.0410 (0.0957)	Prec@1 100.000 (97.360)	Prec@5 100.000 (99.806)
Epoch: [0][760/1126], lr: 0.00500	Time 13.292 (8.967)	Data 12.561 (8.217)	Loss 0.0360 (0.0968)	Prec@1 100.000 (97.347)	Prec@5 100.000 (99.803)
Epoch: [0][780/1126], lr: 0.00500	Time 17.227 (8.927)	Data 16.419 (8.178)	Loss 0.0991 (0.0973)	Prec@1 100.000 (97.327)	Prec@5 100.000 (99.796)
Epoch: [0][800/1126], lr: 0.00500	Time 22.062 (8.889)	Data 21.320 (8.140)	Loss 0.1968 (0.0977)	Prec@1 93.750 (97.339)	Prec@5 100.000 (99.793)
Epoch: [0][820/1126], lr: 0.00500	Time 24.764 (8.854)	Data 23.966 (8.105)	Loss 0.0124 (0.0974)	Prec@1 100.000 (97.339)	Prec@5 100.000 (99.794)
Epoch: [0][840/1126], lr: 0.00500	Time 26.223 (8.822)	Data 25.482 (8.074)	Loss 0.1568 (0.0974)	Prec@1 93.750 (97.325)	Prec@5 100.000 (99.799)
Epoch: [0][860/1126], lr: 0.00500	Time 18.985 (8.782)	Data 18.217 (8.034)	Loss 0.0892 (0.0973)	Prec@1 96.875 (97.325)	Prec@5 100.000 (99.804)
Epoch: [0][880/1126], lr: 0.00500	Time 20.116 (8.757)	Data 19.368 (8.009)	Loss 0.2312 (0.0980)	Prec@1 96.875 (97.308)	Prec@5 100.000 (99.808)
Epoch: [0][900/1126], lr: 0.00500	Time 16.797 (8.723)	Data 16.043 (7.975)	Loss 0.2496 (0.0981)	Prec@1 87.500 (97.284)	Prec@5 96.875 (99.809)
Epoch: [0][920/1126], lr: 0.00500	Time 14.519 (8.694)	Data 13.787 (7.946)	Loss 0.0309 (0.0977)	Prec@1 100.000 (97.299)	Prec@5 100.000 (99.813)
Epoch: [0][940/1126], lr: 0.00500	Time 10.300 (8.672)	Data 9.569 (7.924)	Loss 0.0569 (0.0974)	Prec@1 100.000 (97.303)	Prec@5 100.000 (99.814)
Epoch: [0][960/1126], lr: 0.00500	Time 6.430 (8.646)	Data 5.699 (7.899)	Loss 0.1074 (0.0979)	Prec@1 96.875 (97.291)	Prec@5 100.000 (99.811)
Epoch: [0][980/1126], lr: 0.00500	Time 1.978 (8.623)	Data 1.247 (7.876)	Loss 0.0580 (0.0975)	Prec@1 96.875 (97.283)	Prec@5 100.000 (99.812)
Epoch: [0][1000/1126], lr: 0.00500	Time 1.360 (8.601)	Data 0.628 (7.855)	Loss 0.0782 (0.0977)	Prec@1 96.875 (97.275)	Prec@5 100.000 (99.806)
Epoch: [0][1020/1126], lr: 0.00500	Time 2.576 (8.583)	Data 1.845 (7.836)	Loss 0.0643 (0.0977)	Prec@1 96.875 (97.276)	Prec@5 100.000 (99.807)
Epoch: [0][1040/1126], lr: 0.00500	Time 7.016 (8.570)	Data 6.267 (7.824)	Loss 0.0721 (0.0976)	Prec@1 93.750 (97.271)	Prec@5 100.000 (99.808)
Epoch: [0][1060/1126], lr: 0.00500	Time 4.673 (8.565)	Data 3.941 (7.819)	Loss 0.4969 (0.0978)	Prec@1 87.500 (97.273)	Prec@5 93.750 (99.806)
Epoch: [0][1080/1126], lr: 0.00500	Time 6.371 (8.546)	Data 5.642 (7.800)	Loss 0.2393 (0.0980)	Prec@1 87.500 (97.262)	Prec@5 100.000 (99.803)
Epoch: [0][1100/1126], lr: 0.00500	Time 5.492 (8.541)	Data 4.759 (7.795)	Loss 0.0762 (0.0981)	Prec@1 96.875 (97.252)	Prec@5 100.000 (99.807)
Epoch: [0][1120/1126], lr: 0.00500	Time 0.729 (8.531)	Data 0.000 (7.785)	Loss 0.0434 (0.0982)	Prec@1 96.875 (97.246)	Prec@5 100.000 (99.805)
Epoch: [1][0/1126], lr: 0.00500	Time 16.952 (16.952)	Data 16.211 (16.211)	Loss 0.1404 (0.1404)	Prec@1 93.750 (93.750)	Prec@5 100.000 (100.000)
Epoch: [1][20/1126], lr: 0.00500	Time 9.968 (4.367)	Data 9.217 (3.633)	Loss 0.0250 (0.0719)	Prec@1 100.000 (98.065)	Prec@5 100.000 (99.851)
Epoch: [1][40/1126], lr: 0.00500	Time 7.151 (4.374)	Data 6.419 (3.641)	Loss 0.0539 (0.0779)	Prec@1 96.875 (97.637)	Prec@5 100.000 (99.848)
Epoch: [1][60/1126], lr: 0.00500	Time 6.333 (4.125)	Data 5.600 (3.392)	Loss 0.0715 (0.0775)	Prec@1 96.875 (97.592)	Prec@5 100.000 (99.898)
Epoch: [1][80/1126], lr: 0.00500	Time 12.428 (4.085)	Data 11.678 (3.352)	Loss 0.0066 (0.0699)	Prec@1 100.000 (97.955)	Prec@5 100.000 (99.923)
Epoch: [1][100/1126], lr: 0.00500	Time 16.117 (4.203)	Data 15.381 (3.470)	Loss 0.0602 (0.0727)	Prec@1 96.875 (97.896)	Prec@5 100.000 (99.938)
Epoch: [1][120/1126], lr: 0.00500	Time 11.290 (4.128)	Data 10.559 (3.395)	Loss 0.1358 (0.0738)	Prec@1 96.875 (97.934)	Prec@5 100.000 (99.948)
Epoch: [1][140/1126], lr: 0.00500	Time 14.034 (4.088)	Data 13.287 (3.355)	Loss 0.0383 (0.0729)	Prec@1 96.875 (97.961)	Prec@5 100.000 (99.934)
Epoch: [1][160/1126], lr: 0.00500	Time 13.831 (4.070)	Data 13.099 (3.338)	Loss 0.0377 (0.0750)	Prec@1 100.000 (97.884)	Prec@5 100.000 (99.922)
Epoch: [1][180/1126], lr: 0.00500	Time 12.192 (4.097)	Data 11.459 (3.364)	Loss 0.0323 (0.0730)	Prec@1 100.000 (97.911)	Prec@5 100.000 (99.931)
Epoch: [1][200/1126], lr: 0.00500	Time 10.855 (4.072)	Data 10.124 (3.339)	Loss 0.0337 (0.0745)	Prec@1 100.000 (97.901)	Prec@5 100.000 (99.922)
Epoch: [1][220/1126], lr: 0.00500	Time 13.419 (4.124)	Data 12.672 (3.391)	Loss 0.0777 (0.0743)	Prec@1 100.000 (97.907)	Prec@5 100.000 (99.915)
Epoch: [1][240/1126], lr: 0.00500	Time 12.977 (4.131)	Data 12.246 (3.397)	Loss 0.0649 (0.0725)	Prec@1 100.000 (97.964)	Prec@5 100.000 (99.909)
Epoch: [1][260/1126], lr: 0.00500	Time 13.239 (4.108)	Data 12.506 (3.375)	Loss 0.0538 (0.0718)	Prec@1 96.875 (97.989)	Prec@5 100.000 (99.904)
Epoch: [1][280/1126], lr: 0.00500	Time 15.134 (4.096)	Data 14.391 (3.363)	Loss 0.1197 (0.0716)	Prec@1 93.750 (98.009)	Prec@5 100.000 (99.911)
Epoch: [1][300/1126], lr: 0.00500	Time 12.107 (4.081)	Data 11.374 (3.347)	Loss 0.0278 (0.0711)	Prec@1 100.000 (97.996)	Prec@5 100.000 (99.917)
Epoch: [1][320/1126], lr: 0.00500	Time 14.700 (4.062)	Data 13.966 (3.327)	Loss 0.1065 (0.0719)	Prec@1 96.875 (98.014)	Prec@5 100.000 (99.912)
Epoch: [1][340/1126], lr: 0.00500	Time 12.904 (4.045)	Data 12.156 (3.310)	Loss 0.0497 (0.0713)	Prec@1 100.000 (98.011)	Prec@5 100.000 (99.908)
Epoch: [1][360/1126], lr: 0.00500	Time 13.141 (4.038)	Data 12.411 (3.303)	Loss 0.0247 (0.0725)	Prec@1 100.000 (97.914)	Prec@5 100.000 (99.913)
Epoch: [1][380/1126], lr: 0.00500	Time 18.502 (4.074)	Data 17.755 (3.339)	Loss 0.0505 (0.0718)	Prec@1 100.000 (97.958)	Prec@5 100.000 (99.918)
Epoch: [1][400/1126], lr: 0.00500	Time 16.603 (4.090)	Data 15.849 (3.355)	Loss 0.0073 (0.0730)	Prec@1 100.000 (97.927)	Prec@5 100.000 (99.914)
Epoch: [1][420/1126], lr: 0.00500	Time 12.901 (4.087)	Data 12.153 (3.352)	Loss 0.0565 (0.0736)	Prec@1 100.000 (97.922)	Prec@5 100.000 (99.911)
Epoch: [1][440/1126], lr: 0.00500	Time 14.816 (4.104)	Data 14.062 (3.368)	Loss 0.1562 (0.0731)	Prec@1 93.750 (97.938)	Prec@5 100.000 (99.915)
Epoch: [1][460/1126], lr: 0.00500	Time 13.264 (4.093)	Data 12.531 (3.357)	Loss 0.1246 (0.0727)	Prec@1 100.000 (97.973)	Prec@5 100.000 (99.919)
Epoch: [1][480/1126], lr: 0.00500	Time 22.810 (4.107)	Data 22.041 (3.371)	Loss 0.2182 (0.0729)	Prec@1 96.875 (97.966)	Prec@5 100.000 (99.916)
Epoch: [1][500/1126], lr: 0.00500	Time 17.693 (4.153)	Data 16.938 (3.416)	Loss 0.0742 (0.0730)	Prec@1 96.875 (97.942)	Prec@5 100.000 (99.919)
Epoch: [1][520/1126], lr: 0.00500	Time 17.681 (4.179)	Data 16.920 (3.442)	Loss 0.0280 (0.0731)	Prec@1 100.000 (97.955)	Prec@5 100.000 (99.910)
Epoch: [1][540/1126], lr: 0.00500	Time 15.456 (4.177)	Data 14.722 (3.440)	Loss 0.0563 (0.0748)	Prec@1 100.000 (97.897)	Prec@5 100.000 (99.908)
Epoch: [1][560/1126], lr: 0.00500	Time 15.224 (4.170)	Data 14.491 (3.433)	Loss 0.0580 (0.0760)	Prec@1 100.000 (97.844)	Prec@5 100.000 (99.900)
Epoch: [1][580/1126], lr: 0.00500	Time 12.415 (4.186)	Data 11.685 (3.449)	Loss 0.0569 (0.0762)	Prec@1 96.875 (97.827)	Prec@5 100.000 (99.903)
Epoch: [1][600/1126], lr: 0.00500	Time 13.387 (4.177)	Data 12.639 (3.440)	Loss 0.0276 (0.0767)	Prec@1 100.000 (97.816)	Prec@5 100.000 (99.906)
Epoch: [1][620/1126], lr: 0.00500	Time 19.595 (4.189)	Data 18.833 (3.452)	Loss 0.0566 (0.0775)	Prec@1 100.000 (97.786)	Prec@5 100.000 (99.899)
Epoch: [1][640/1126], lr: 0.00500	Time 15.029 (4.211)	Data 14.281 (3.473)	Loss 0.2088 (0.0787)	Prec@1 90.625 (97.743)	Prec@5 100.000 (99.902)
Epoch: [1][660/1126], lr: 0.00500	Time 17.945 (4.210)	Data 17.187 (3.472)	Loss 0.1182 (0.0792)	Prec@1 96.875 (97.731)	Prec@5 100.000 (99.905)
Epoch: [1][680/1126], lr: 0.00500	Time 13.869 (4.228)	Data 13.137 (3.490)	Loss 0.1284 (0.0791)	Prec@1 96.875 (97.761)	Prec@5 100.000 (99.908)
Epoch: [1][700/1126], lr: 0.00500	Time 21.053 (4.241)	Data 20.307 (3.503)	Loss 0.0500 (0.0790)	Prec@1 96.875 (97.762)	Prec@5 100.000 (99.902)
Epoch: [1][720/1126], lr: 0.00500	Time 16.733 (4.273)	Data 15.998 (3.535)	Loss 0.0583 (0.0796)	Prec@1 96.875 (97.742)	Prec@5 100.000 (99.905)
Epoch: [1][740/1126], lr: 0.00500	Time 12.756 (4.262)	Data 11.978 (3.524)	Loss 0.0509 (0.0798)	Prec@1 96.875 (97.723)	Prec@5 100.000 (99.903)
Epoch: [1][760/1126], lr: 0.00500	Time 21.677 (4.278)	Data 20.884 (3.541)	Loss 0.1291 (0.0805)	Prec@1 93.750 (97.700)	Prec@5 100.000 (99.901)
Epoch: [1][780/1126], lr: 0.00500	Time 15.288 (4.290)	Data 14.541 (3.553)	Loss 0.1408 (0.0806)	Prec@1 96.875 (97.691)	Prec@5 100.000 (99.904)
Epoch: [1][800/1126], lr: 0.00500	Time 16.573 (4.308)	Data 15.837 (3.571)	Loss 0.0523 (0.0805)	Prec@1 100.000 (97.694)	Prec@5 100.000 (99.906)
Epoch: [1][820/1126], lr: 0.00500	Time 14.353 (4.307)	Data 13.621 (3.569)	Loss 0.0540 (0.0799)	Prec@1 96.875 (97.724)	Prec@5 100.000 (99.905)
Epoch: [1][840/1126], lr: 0.00500	Time 12.371 (4.306)	Data 11.641 (3.568)	Loss 0.0076 (0.0796)	Prec@1 100.000 (97.745)	Prec@5 100.000 (99.903)
Epoch: [1][860/1126], lr: 0.00500	Time 14.480 (4.308)	Data 13.733 (3.570)	Loss 0.0573 (0.0796)	Prec@1 100.000 (97.750)	Prec@5 100.000 (99.902)
Epoch: [1][880/1126], lr: 0.00500	Time 15.196 (4.309)	Data 14.451 (3.572)	Loss 0.1207 (0.0800)	Prec@1 96.875 (97.744)	Prec@5 96.875 (99.894)
Epoch: [1][900/1126], lr: 0.00500	Time 14.461 (4.333)	Data 13.718 (3.595)	Loss 0.0855 (0.0803)	Prec@1 96.875 (97.735)	Prec@5 100.000 (99.886)
Epoch: [1][920/1126], lr: 0.00500	Time 12.243 (4.328)	Data 11.512 (3.590)	Loss 0.0629 (0.0804)	Prec@1 100.000 (97.744)	Prec@5 100.000 (99.885)
Epoch: [1][940/1126], lr: 0.00500	Time 18.716 (4.347)	Data 17.954 (3.609)	Loss 0.1507 (0.0806)	Prec@1 93.750 (97.742)	Prec@5 100.000 (99.884)
Epoch: [1][960/1126], lr: 0.00500	Time 18.383 (4.348)	Data 17.621 (3.610)	Loss 0.0220 (0.0807)	Prec@1 100.000 (97.743)	Prec@5 100.000 (99.880)
Epoch: [1][980/1126], lr: 0.00500	Time 13.744 (4.355)	Data 13.001 (3.617)	Loss 0.0214 (0.0806)	Prec@1 100.000 (97.738)	Prec@5 100.000 (99.879)
Epoch: [1][1000/1126], lr: 0.00500	Time 15.474 (4.358)	Data 14.739 (3.620)	Loss 0.0619 (0.0806)	Prec@1 96.875 (97.730)	Prec@5 100.000 (99.881)
Epoch: [1][1020/1126], lr: 0.00500	Time 17.220 (4.354)	Data 16.461 (3.617)	Loss 0.1498 (0.0807)	Prec@1 90.625 (97.717)	Prec@5 100.000 (99.884)
Epoch: [1][1040/1126], lr: 0.00500	Time 19.650 (4.372)	Data 18.905 (3.634)	Loss 0.0497 (0.0803)	Prec@1 100.000 (97.737)	Prec@5 100.000 (99.886)
Epoch: [1][1060/1126], lr: 0.00500	Time 16.221 (4.389)	Data 15.484 (3.651)	Loss 0.0756 (0.0799)	Prec@1 100.000 (97.747)	Prec@5 100.000 (99.888)
Epoch: [1][1080/1126], lr: 0.00500	Time 14.905 (4.386)	Data 14.172 (3.648)	Loss 0.0214 (0.0797)	Prec@1 100.000 (97.760)	Prec@5 100.000 (99.890)
Epoch: [1][1100/1126], lr: 0.00500	Time 21.219 (4.400)	Data 20.476 (3.662)	Loss 0.2229 (0.0796)	Prec@1 90.625 (97.758)	Prec@5 100.000 (99.892)
Epoch: [1][1120/1126], lr: 0.00500	Time 9.865 (4.417)	Data 9.136 (3.679)	Loss 0.0307 (0.0790)	Prec@1 100.000 (97.781)	Prec@5 100.000 (99.894)
Epoch: [2][0/1126], lr: 0.00500	Time 10.451 (10.451)	Data 9.701 (9.701)	Loss 0.0536 (0.0536)	Prec@1 96.875 (96.875)	Prec@5 100.000 (100.000)
Epoch: [2][20/1126], lr: 0.00500	Time 5.649 (2.687)	Data 4.899 (1.952)	Loss 0.0944 (0.0507)	Prec@1 96.875 (98.214)	Prec@5 100.000 (100.000)
Epoch: [2][40/1126], lr: 0.00500	Time 3.281 (2.450)	Data 2.548 (1.716)	Loss 0.0051 (0.0514)	Prec@1 100.000 (98.247)	Prec@5 100.000 (100.000)
Epoch: [2][60/1126], lr: 0.00500	Time 0.885 (2.374)	Data 0.154 (1.640)	Loss 0.1076 (0.0507)	Prec@1 96.875 (98.309)	Prec@5 100.000 (100.000)
Epoch: [2][80/1126], lr: 0.00500	Time 2.432 (2.373)	Data 1.700 (1.640)	Loss 0.0194 (0.0577)	Prec@1 100.000 (98.187)	Prec@5 100.000 (100.000)
Epoch: [2][100/1126], lr: 0.00500	Time 0.732 (2.376)	Data 0.000 (1.641)	Loss 0.0650 (0.0610)	Prec@1 100.000 (98.175)	Prec@5 100.000 (100.000)
Epoch: [2][120/1126], lr: 0.00500	Time 0.733 (2.377)	Data 0.000 (1.642)	Loss 0.1204 (0.0640)	Prec@1 96.875 (98.011)	Prec@5 100.000 (100.000)
Epoch: [2][140/1126], lr: 0.00500	Time 0.732 (2.377)	Data 0.000 (1.643)	Loss 0.0449 (0.0631)	Prec@1 100.000 (98.094)	Prec@5 100.000 (100.000)
Epoch: [2][160/1126], lr: 0.00500	Time 0.733 (2.373)	Data 0.000 (1.637)	Loss 0.0701 (0.0657)	Prec@1 100.000 (98.040)	Prec@5 100.000 (99.961)
Epoch: [2][180/1126], lr: 0.00500	Time 0.734 (2.384)	Data 0.000 (1.648)	Loss 0.0555 (0.0658)	Prec@1 96.875 (98.066)	Prec@5 100.000 (99.948)
Epoch: [2][200/1126], lr: 0.00500	Time 0.732 (2.377)	Data 0.000 (1.642)	Loss 0.2506 (0.0642)	Prec@1 93.750 (98.134)	Prec@5 100.000 (99.953)
Epoch: [2][220/1126], lr: 0.00500	Time 0.734 (2.370)	Data 0.000 (1.635)	Loss 0.0804 (0.0652)	Prec@1 96.875 (98.119)	Prec@5 100.000 (99.943)
Epoch: [2][240/1126], lr: 0.00500	Time 0.732 (2.360)	Data 0.000 (1.625)	Loss 0.0787 (0.0670)	Prec@1 96.875 (98.120)	Prec@5 100.000 (99.948)
Epoch: [2][260/1126], lr: 0.00500	Time 0.732 (2.356)	Data 0.000 (1.621)	Loss 0.0552 (0.0670)	Prec@1 96.875 (98.144)	Prec@5 100.000 (99.952)
Epoch: [2][280/1126], lr: 0.00500	Time 0.733 (2.360)	Data 0.000 (1.624)	Loss 0.0672 (0.0674)	Prec@1 100.000 (98.098)	Prec@5 100.000 (99.956)
Epoch: [2][300/1126], lr: 0.00500	Time 0.731 (2.357)	Data 0.000 (1.621)	Loss 0.0165 (0.0668)	Prec@1 100.000 (98.121)	Prec@5 100.000 (99.958)
Epoch: [2][320/1126], lr: 0.00500	Time 0.733 (2.353)	Data 0.000 (1.616)	Loss 0.0719 (0.0674)	Prec@1 96.875 (98.131)	Prec@5 100.000 (99.951)
Epoch: [2][340/1126], lr: 0.00500	Time 0.732 (2.347)	Data 0.000 (1.610)	Loss 0.0483 (0.0678)	Prec@1 100.000 (98.130)	Prec@5 100.000 (99.954)
Epoch: [2][360/1126], lr: 0.00500	Time 0.733 (2.343)	Data 0.000 (1.606)	Loss 0.1736 (0.0686)	Prec@1 93.750 (98.096)	Prec@5 100.000 (99.948)
Epoch: [2][380/1126], lr: 0.00500	Time 0.807 (2.342)	Data 0.000 (1.603)	Loss 0.0237 (0.0697)	Prec@1 100.000 (98.073)	Prec@5 100.000 (99.951)
Epoch: [2][400/1126], lr: 0.00500	Time 0.733 (2.345)	Data 0.000 (1.605)	Loss 0.0179 (0.0696)	Prec@1 100.000 (98.083)	Prec@5 100.000 (99.953)
Epoch: [2][420/1126], lr: 0.00500	Time 0.731 (2.344)	Data 0.000 (1.604)	Loss 0.0298 (0.0706)	Prec@1 100.000 (98.077)	Prec@5 100.000 (99.955)
Epoch: [2][440/1126], lr: 0.00500	Time 0.733 (2.349)	Data 0.000 (1.608)	Loss 0.1077 (0.0709)	Prec@1 96.875 (98.058)	Prec@5 100.000 (99.957)
Epoch: [2][460/1126], lr: 0.00500	Time 0.731 (2.352)	Data 0.000 (1.611)	Loss 0.0469 (0.0704)	Prec@1 100.000 (98.075)	Prec@5 100.000 (99.959)
Epoch: [2][480/1126], lr: 0.00500	Time 0.734 (2.353)	Data 0.000 (1.612)	Loss 0.0487 (0.0704)	Prec@1 96.875 (98.077)	Prec@5 100.000 (99.948)
Epoch: [2][500/1126], lr: 0.00500	Time 0.795 (2.350)	Data 0.000 (1.609)	Loss 0.0275 (0.0703)	Prec@1 100.000 (98.085)	Prec@5 100.000 (99.950)
Epoch: [2][520/1126], lr: 0.00500	Time 0.731 (2.352)	Data 0.000 (1.611)	Loss 0.0134 (0.0697)	Prec@1 100.000 (98.105)	Prec@5 100.000 (99.952)
Epoch: [2][540/1126], lr: 0.00500	Time 0.731 (2.354)	Data 0.000 (1.612)	Loss 0.0590 (0.0690)	Prec@1 100.000 (98.140)	Prec@5 100.000 (99.954)
Epoch: [2][560/1126], lr: 0.00500	Time 0.733 (2.350)	Data 0.000 (1.608)	Loss 0.0250 (0.0687)	Prec@1 100.000 (98.167)	Prec@5 100.000 (99.955)
Epoch: [2][580/1126], lr: 0.00500	Time 0.816 (2.346)	Data 0.000 (1.604)	Loss 0.0602 (0.0696)	Prec@1 96.875 (98.123)	Prec@5 100.000 (99.952)
Epoch: [2][600/1126], lr: 0.00500	Time 0.797 (2.349)	Data 0.000 (1.606)	Loss 0.0362 (0.0700)	Prec@1 100.000 (98.097)	Prec@5 100.000 (99.953)
Epoch: [2][620/1126], lr: 0.00500	Time 0.735 (2.348)	Data 0.000 (1.605)	Loss 0.1280 (0.0695)	Prec@1 96.875 (98.108)	Prec@5 100.000 (99.955)
Epoch: [2][640/1126], lr: 0.00500	Time 0.733 (2.350)	Data 0.000 (1.607)	Loss 0.0143 (0.0692)	Prec@1 100.000 (98.113)	Prec@5 100.000 (99.951)
Epoch: [2][660/1126], lr: 0.00500	Time 0.747 (2.353)	Data 0.000 (1.610)	Loss 0.0908 (0.0692)	Prec@1 96.875 (98.104)	Prec@5 100.000 (99.943)
Epoch: [2][680/1126], lr: 0.00500	Time 0.734 (2.356)	Data 0.000 (1.613)	Loss 0.0375 (0.0687)	Prec@1 100.000 (98.132)	Prec@5 100.000 (99.945)
Epoch: [2][700/1126], lr: 0.00500	Time 0.806 (2.356)	Data 0.000 (1.612)	Loss 0.1271 (0.0688)	Prec@1 96.875 (98.128)	Prec@5 100.000 (99.947)
Epoch: [2][720/1126], lr: 0.00500	Time 0.732 (2.361)	Data 0.000 (1.617)	Loss 0.0944 (0.0683)	Prec@1 96.875 (98.141)	Prec@5 100.000 (99.948)
Epoch: [2][740/1126], lr: 0.00500	Time 0.734 (2.358)	Data 0.000 (1.615)	Loss 0.0367 (0.0681)	Prec@1 100.000 (98.140)	Prec@5 100.000 (99.949)
Epoch: [2][760/1126], lr: 0.00500	Time 0.734 (2.356)	Data 0.000 (1.612)	Loss 0.0425 (0.0685)	Prec@1 100.000 (98.123)	Prec@5 100.000 (99.947)
Epoch: [2][780/1126], lr: 0.00500	Time 0.730 (2.353)	Data 0.000 (1.609)	Loss 0.1110 (0.0689)	Prec@1 93.750 (98.107)	Prec@5 100.000 (99.948)
Epoch: [2][800/1126], lr: 0.00500	Time 0.731 (2.353)	Data 0.000 (1.610)	Loss 0.0334 (0.0695)	Prec@1 100.000 (98.088)	Prec@5 100.000 (99.949)
Epoch: [2][820/1126], lr: 0.00500	Time 0.732 (2.354)	Data 0.000 (1.610)	Loss 0.2981 (0.0699)	Prec@1 93.750 (98.074)	Prec@5 100.000 (99.951)
Epoch: [2][840/1126], lr: 0.00500	Time 0.803 (2.358)	Data 0.000 (1.614)	Loss 0.0949 (0.0701)	Prec@1 96.875 (98.064)	Prec@5 100.000 (99.952)
Epoch: [2][860/1126], lr: 0.00500	Time 0.731 (2.358)	Data 0.000 (1.614)	Loss 0.1388 (0.0701)	Prec@1 96.875 (98.051)	Prec@5 100.000 (99.949)
Epoch: [2][880/1126], lr: 0.00500	Time 0.732 (2.355)	Data 0.000 (1.611)	Loss 0.0228 (0.0701)	Prec@1 100.000 (98.060)	Prec@5 100.000 (99.947)
Epoch: [2][900/1126], lr: 0.00500	Time 0.733 (2.356)	Data 0.000 (1.612)	Loss 0.2420 (0.0700)	Prec@1 90.625 (98.065)	Prec@5 100.000 (99.948)
Epoch: [2][920/1126], lr: 0.00500	Time 0.732 (2.357)	Data 0.000 (1.613)	Loss 0.0670 (0.0701)	Prec@1 100.000 (98.069)	Prec@5 100.000 (99.949)
Epoch: [2][940/1126], lr: 0.00500	Time 0.807 (2.359)	Data 0.000 (1.615)	Loss 0.0311 (0.0705)	Prec@1 100.000 (98.051)	Prec@5 100.000 (99.950)
Epoch: [2][960/1126], lr: 0.00500	Time 0.731 (2.358)	Data 0.000 (1.614)	Loss 0.0229 (0.0704)	Prec@1 100.000 (98.055)	Prec@5 100.000 (99.948)
Epoch: [2][980/1126], lr: 0.00500	Time 0.733 (2.355)	Data 0.000 (1.612)	Loss 0.0616 (0.0705)	Prec@1 96.875 (98.044)	Prec@5 100.000 (99.949)
Epoch: [2][1000/1126], lr: 0.00500	Time 0.733 (2.356)	Data 0.000 (1.612)	Loss 0.2334 (0.0703)	Prec@1 93.750 (98.043)	Prec@5 100.000 (99.950)
Epoch: [2][1020/1126], lr: 0.00500	Time 0.731 (2.360)	Data 0.000 (1.616)	Loss 0.0380 (0.0701)	Prec@1 96.875 (98.050)	Prec@5 100.000 (99.948)
Epoch: [2][1040/1126], lr: 0.00500	Time 0.730 (2.359)	Data 0.000 (1.615)	Loss 0.0602 (0.0698)	Prec@1 100.000 (98.061)	Prec@5 100.000 (99.949)
Epoch: [2][1060/1126], lr: 0.00500	Time 0.732 (2.361)	Data 0.000 (1.617)	Loss 0.0246 (0.0697)	Prec@1 100.000 (98.056)	Prec@5 100.000 (99.947)
Epoch: [2][1080/1126], lr: 0.00500	Time 0.735 (2.361)	Data 0.000 (1.618)	Loss 0.0031 (0.0697)	Prec@1 100.000 (98.063)	Prec@5 100.000 (99.945)
Epoch: [2][1100/1126], lr: 0.00500	Time 0.805 (2.362)	Data 0.000 (1.618)	Loss 0.0196 (0.0702)	Prec@1 100.000 (98.047)	Prec@5 100.000 (99.940)
Epoch: [2][1120/1126], lr: 0.00500	Time 0.733 (2.363)	Data 0.000 (1.619)	Loss 0.1145 (0.0704)	Prec@1 96.875 (98.029)	Prec@5 100.000 (99.936)
Epoch: [3][0/1126], lr: 0.00500	Time 7.265 (7.265)	Data 6.532 (6.532)	Loss 0.1563 (0.1563)	Prec@1 90.625 (90.625)	Prec@5 100.000 (100.000)
Epoch: [3][20/1126], lr: 0.00500	Time 4.730 (2.031)	Data 3.981 (1.297)	Loss 0.1483 (0.0645)	Prec@1 93.750 (97.768)	Prec@5 96.875 (99.851)
Epoch: [3][40/1126], lr: 0.00500	Time 4.942 (1.903)	Data 4.210 (1.164)	Loss 0.0186 (0.0559)	Prec@1 100.000 (98.095)	Prec@5 100.000 (99.924)
Epoch: [3][60/1126], lr: 0.00500	Time 4.439 (1.850)	Data 3.695 (1.110)	Loss 0.0539 (0.0648)	Prec@1 100.000 (97.951)	Prec@5 100.000 (99.949)
Epoch: [3][80/1126], lr: 0.00500	Time 3.771 (1.814)	Data 3.036 (1.075)	Loss 0.0445 (0.0661)	Prec@1 96.875 (97.917)	Prec@5 100.000 (99.923)
Epoch: [3][100/1126], lr: 0.00500	Time 3.901 (1.797)	Data 3.165 (1.058)	Loss 0.0072 (0.0635)	Prec@1 100.000 (98.113)	Prec@5 100.000 (99.938)
Epoch: [3][120/1126], lr: 0.00500	Time 2.423 (1.780)	Data 1.688 (1.042)	Loss 0.0183 (0.0615)	Prec@1 100.000 (98.192)	Prec@5 100.000 (99.948)
Epoch: [3][140/1126], lr: 0.00500	Time 2.689 (1.788)	Data 1.953 (1.050)	Loss 0.0045 (0.0613)	Prec@1 100.000 (98.160)	Prec@5 100.000 (99.956)
Epoch: [3][160/1126], lr: 0.00500	Time 2.479 (1.783)	Data 1.743 (1.045)	Loss 0.1520 (0.0604)	Prec@1 96.875 (98.273)	Prec@5 100.000 (99.961)
Epoch: [3][180/1126], lr: 0.00500	Time 2.156 (1.773)	Data 1.415 (1.035)	Loss 0.0635 (0.0600)	Prec@1 100.000 (98.273)	Prec@5 100.000 (99.965)
Epoch: [3][200/1126], lr: 0.00500	Time 1.385 (1.767)	Data 0.649 (1.027)	Loss 0.0163 (0.0587)	Prec@1 100.000 (98.352)	Prec@5 100.000 (99.969)
Epoch: [3][220/1126], lr: 0.00500	Time 0.732 (1.758)	Data 0.000 (1.019)	Loss 0.0829 (0.0584)	Prec@1 96.875 (98.360)	Prec@5 100.000 (99.958)
Epoch: [3][240/1126], lr: 0.00500	Time 0.736 (1.756)	Data 0.000 (1.015)	Loss 0.2107 (0.0596)	Prec@1 93.750 (98.301)	Prec@5 100.000 (99.961)
Epoch: [3][260/1126], lr: 0.00500	Time 0.762 (1.752)	Data 0.000 (1.010)	Loss 0.1535 (0.0593)	Prec@1 93.750 (98.312)	Prec@5 100.000 (99.964)
Epoch: [3][280/1126], lr: 0.00500	Time 0.733 (1.748)	Data 0.000 (1.006)	Loss 0.0267 (0.0592)	Prec@1 100.000 (98.310)	Prec@5 100.000 (99.967)
Epoch: [3][300/1126], lr: 0.00500	Time 0.731 (1.744)	Data 0.000 (1.002)	Loss 0.1541 (0.0604)	Prec@1 96.875 (98.277)	Prec@5 100.000 (99.969)
Epoch: [3][320/1126], lr: 0.00500	Time 0.730 (1.745)	Data 0.000 (1.002)	Loss 0.0136 (0.0592)	Prec@1 100.000 (98.316)	Prec@5 100.000 (99.971)
Epoch: [3][340/1126], lr: 0.00500	Time 0.731 (1.739)	Data 0.000 (0.996)	Loss 0.0284 (0.0589)	Prec@1 100.000 (98.314)	Prec@5 100.000 (99.973)
Epoch: [3][360/1126], lr: 0.00500	Time 0.731 (1.734)	Data 0.000 (0.991)	Loss 0.0520 (0.0596)	Prec@1 96.875 (98.286)	Prec@5 100.000 (99.965)
Epoch: [3][380/1126], lr: 0.00500	Time 0.734 (1.733)	Data 0.000 (0.989)	Loss 0.0867 (0.0600)	Prec@1 96.875 (98.302)	Prec@5 100.000 (99.951)
Epoch: [3][400/1126], lr: 0.00500	Time 0.818 (1.740)	Data 0.001 (0.995)	Loss 0.0134 (0.0601)	Prec@1 100.000 (98.293)	Prec@5 100.000 (99.945)
Epoch: [3][420/1126], lr: 0.00500	Time 0.804 (1.742)	Data 0.000 (0.996)	Loss 0.0610 (0.0602)	Prec@1 96.875 (98.285)	Prec@5 100.000 (99.941)
Epoch: [3][440/1126], lr: 0.00500	Time 0.810 (1.744)	Data 0.000 (0.998)	Loss 0.0294 (0.0606)	Prec@1 100.000 (98.278)	Prec@5 100.000 (99.943)
Epoch: [3][460/1126], lr: 0.00500	Time 0.735 (1.746)	Data 0.000 (0.999)	Loss 0.0365 (0.0608)	Prec@1 100.000 (98.258)	Prec@5 100.000 (99.946)
Epoch: [3][480/1126], lr: 0.00500	Time 0.734 (1.746)	Data 0.000 (0.999)	Loss 0.0990 (0.0615)	Prec@1 96.875 (98.233)	Prec@5 100.000 (99.948)
Epoch: [3][500/1126], lr: 0.00500	Time 0.733 (1.746)	Data 0.000 (0.998)	Loss 0.0743 (0.0616)	Prec@1 96.875 (98.229)	Prec@5 100.000 (99.950)
Epoch: [3][520/1126], lr: 0.00500	Time 0.735 (1.746)	Data 0.000 (0.998)	Loss 0.0526 (0.0622)	Prec@1 100.000 (98.219)	Prec@5 100.000 (99.946)
Epoch: [3][540/1126], lr: 0.00500	Time 0.734 (1.745)	Data 0.000 (0.998)	Loss 0.0615 (0.0624)	Prec@1 100.000 (98.209)	Prec@5 100.000 (99.948)
Epoch: [3][560/1126], lr: 0.00500	Time 0.734 (1.747)	Data 0.000 (0.999)	Loss 0.0232 (0.0626)	Prec@1 100.000 (98.212)	Prec@5 100.000 (99.950)
Epoch: [3][580/1126], lr: 0.00500	Time 0.733 (1.742)	Data 0.000 (0.994)	Loss 0.1216 (0.0631)	Prec@1 93.750 (98.187)	Prec@5 100.000 (99.952)
Epoch: [3][600/1126], lr: 0.00500	Time 0.734 (1.741)	Data 0.000 (0.993)	Loss 0.0230 (0.0635)	Prec@1 100.000 (98.175)	Prec@5 100.000 (99.943)
Epoch: [3][620/1126], lr: 0.00500	Time 0.809 (1.740)	Data 0.000 (0.992)	Loss 0.0407 (0.0633)	Prec@1 100.000 (98.183)	Prec@5 100.000 (99.945)
Epoch: [3][640/1126], lr: 0.00500	Time 0.755 (1.737)	Data 0.000 (0.989)	Loss 0.0095 (0.0629)	Prec@1 100.000 (98.191)	Prec@5 100.000 (99.946)
Epoch: [3][660/1126], lr: 0.00500	Time 0.809 (1.735)	Data 0.000 (0.986)	Loss 0.0168 (0.0620)	Prec@1 100.000 (98.222)	Prec@5 100.000 (99.948)
Epoch: [3][680/1126], lr: 0.00500	Time 0.748 (1.732)	Data 0.000 (0.984)	Loss 0.0694 (0.0619)	Prec@1 100.000 (98.238)	Prec@5 100.000 (99.950)
Epoch: [3][700/1126], lr: 0.00500	Time 0.732 (1.729)	Data 0.000 (0.980)	Loss 0.0190 (0.0617)	Prec@1 100.000 (98.248)	Prec@5 100.000 (99.951)
Epoch: [3][720/1126], lr: 0.00500	Time 0.732 (1.727)	Data 0.000 (0.978)	Loss 0.1424 (0.0623)	Prec@1 96.875 (98.236)	Prec@5 100.000 (99.952)
Epoch: [3][740/1126], lr: 0.00500	Time 0.733 (1.728)	Data 0.000 (0.978)	Loss 0.0903 (0.0620)	Prec@1 96.875 (98.237)	Prec@5 100.000 (99.954)
Epoch: [3][760/1126], lr: 0.00500	Time 0.735 (1.729)	Data 0.000 (0.980)	Loss 0.1042 (0.0618)	Prec@1 96.875 (98.247)	Prec@5 100.000 (99.951)
Epoch: [3][780/1126], lr: 0.00500	Time 0.734 (1.731)	Data 0.000 (0.982)	Loss 0.1056 (0.0621)	Prec@1 93.750 (98.231)	Prec@5 100.000 (99.952)
Epoch: [3][800/1126], lr: 0.00500	Time 0.810 (1.732)	Data 0.000 (0.983)	Loss 0.1314 (0.0626)	Prec@1 96.875 (98.221)	Prec@5 100.000 (99.953)
Epoch: [3][820/1126], lr: 0.00500	Time 0.798 (1.733)	Data 0.000 (0.983)	Loss 0.0893 (0.0629)	Prec@1 96.875 (98.215)	Prec@5 100.000 (99.951)
Epoch: [3][840/1126], lr: 0.00500	Time 0.736 (1.733)	Data 0.000 (0.983)	Loss 0.1427 (0.0632)	Prec@1 93.750 (98.190)	Prec@5 100.000 (99.952)
Epoch: [3][860/1126], lr: 0.00500	Time 0.733 (1.735)	Data 0.000 (0.984)	Loss 0.0557 (0.0633)	Prec@1 96.875 (98.178)	Prec@5 100.000 (99.953)
Epoch: [3][880/1126], lr: 0.00500	Time 0.732 (1.736)	Data 0.000 (0.985)	Loss 0.0905 (0.0632)	Prec@1 96.875 (98.180)	Prec@5 100.000 (99.954)
Epoch: [3][900/1126], lr: 0.00500	Time 0.815 (1.737)	Data 0.000 (0.986)	Loss 0.0538 (0.0633)	Prec@1 100.000 (98.176)	Prec@5 100.000 (99.955)
Epoch: [3][920/1126], lr: 0.00500	Time 0.732 (1.737)	Data 0.000 (0.986)	Loss 0.0459 (0.0633)	Prec@1 96.875 (98.185)	Prec@5 100.000 (99.952)
Epoch: [3][940/1126], lr: 0.00500	Time 0.734 (1.735)	Data 0.000 (0.984)	Loss 0.2880 (0.0633)	Prec@1 90.625 (98.190)	Prec@5 100.000 (99.954)
Epoch: [3][960/1126], lr: 0.00500	Time 0.733 (1.734)	Data 0.000 (0.983)	Loss 0.0250 (0.0633)	Prec@1 100.000 (98.189)	Prec@5 100.000 (99.954)
Epoch: [3][980/1126], lr: 0.00500	Time 0.732 (1.733)	Data 0.000 (0.982)	Loss 0.0198 (0.0637)	Prec@1 100.000 (98.172)	Prec@5 100.000 (99.952)
Epoch: [3][1000/1126], lr: 0.00500	Time 0.804 (1.732)	Data 0.000 (0.981)	Loss 0.0371 (0.0636)	Prec@1 100.000 (98.171)	Prec@5 100.000 (99.953)
Epoch: [3][1020/1126], lr: 0.00500	Time 0.732 (1.732)	Data 0.000 (0.981)	Loss 0.1564 (0.0634)	Prec@1 93.750 (98.185)	Prec@5 100.000 (99.954)
Epoch: [3][1040/1126], lr: 0.00500	Time 0.730 (1.732)	Data 0.000 (0.981)	Loss 0.1836 (0.0632)	Prec@1 96.875 (98.196)	Prec@5 100.000 (99.952)
Epoch: [3][1060/1126], lr: 0.00500	Time 0.807 (1.731)	Data 0.000 (0.979)	Loss 0.0115 (0.0629)	Prec@1 100.000 (98.209)	Prec@5 100.000 (99.953)
Epoch: [3][1080/1126], lr: 0.00500	Time 0.806 (1.731)	Data 0.000 (0.979)	Loss 0.0252 (0.0635)	Prec@1 100.000 (98.187)	Prec@5 100.000 (99.954)
Epoch: [3][1100/1126], lr: 0.00500	Time 0.735 (1.730)	Data 0.000 (0.979)	Loss 0.0803 (0.0639)	Prec@1 96.875 (98.178)	Prec@5 100.000 (99.955)
Epoch: [3][1120/1126], lr: 0.00500	Time 0.735 (1.733)	Data 0.000 (0.981)	Loss 0.0907 (0.0639)	Prec@1 96.875 (98.180)	Prec@5 100.000 (99.955)
Epoch: [4][0/1126], lr: 0.00500	Time 7.037 (7.037)	Data 6.300 (6.300)	Loss 0.0808 (0.0808)	Prec@1 96.875 (96.875)	Prec@5 100.000 (100.000)
Epoch: [4][20/1126], lr: 0.00500	Time 3.784 (1.803)	Data 3.050 (1.067)	Loss 0.1512 (0.0583)	Prec@1 96.875 (97.917)	Prec@5 96.875 (99.851)
Epoch: [4][40/1126], lr: 0.00500	Time 3.851 (1.677)	Data 3.115 (0.938)	Loss 0.0255 (0.0674)	Prec@1 100.000 (97.409)	Prec@5 100.000 (99.848)
Epoch: [4][60/1126], lr: 0.00500	Time 3.965 (1.628)	Data 3.230 (0.889)	Loss 0.0324 (0.0688)	Prec@1 100.000 (97.592)	Prec@5 100.000 (99.846)
Epoch: [4][80/1126], lr: 0.00500	Time 3.486 (1.618)	Data 2.750 (0.878)	Loss 0.1086 (0.0682)	Prec@1 96.875 (97.801)	Prec@5 100.000 (99.884)
Epoch: [4][100/1126], lr: 0.00500	Time 3.727 (1.600)	Data 2.992 (0.860)	Loss 0.0192 (0.0636)	Prec@1 100.000 (98.020)	Prec@5 100.000 (99.907)
Epoch: [4][120/1126], lr: 0.00500	Time 4.332 (1.593)	Data 3.577 (0.850)	Loss 0.0269 (0.0595)	Prec@1 100.000 (98.218)	Prec@5 100.000 (99.923)
Epoch: [4][140/1126], lr: 0.00500	Time 4.228 (1.586)	Data 3.483 (0.843)	Loss 0.0111 (0.0577)	Prec@1 100.000 (98.293)	Prec@5 100.000 (99.934)
Epoch: [4][160/1126], lr: 0.00500	Time 3.891 (1.575)	Data 3.155 (0.831)	Loss 0.0446 (0.0560)	Prec@1 100.000 (98.350)	Prec@5 100.000 (99.942)
Epoch: [4][180/1126], lr: 0.00500	Time 3.653 (1.573)	Data 2.915 (0.827)	Loss 0.0176 (0.0553)	Prec@1 100.000 (98.429)	Prec@5 100.000 (99.931)
Epoch: [4][200/1126], lr: 0.00500	Time 3.608 (1.561)	Data 2.874 (0.814)	Loss 0.0397 (0.0548)	Prec@1 100.000 (98.445)	Prec@5 100.000 (99.922)
Epoch: [4][220/1126], lr: 0.00500	Time 3.383 (1.553)	Data 2.646 (0.805)	Loss 0.0052 (0.0543)	Prec@1 100.000 (98.430)	Prec@5 100.000 (99.929)
Epoch: [4][240/1126], lr: 0.00500	Time 3.440 (1.545)	Data 2.689 (0.796)	Loss 0.0255 (0.0555)	Prec@1 100.000 (98.379)	Prec@5 100.000 (99.922)
Epoch: [4][260/1126], lr: 0.00500	Time 4.030 (1.543)	Data 3.294 (0.795)	Loss 0.0335 (0.0557)	Prec@1 100.000 (98.384)	Prec@5 100.000 (99.928)
Epoch: [4][280/1126], lr: 0.00500	Time 4.198 (1.540)	Data 3.449 (0.791)	Loss 0.0277 (0.0551)	Prec@1 100.000 (98.387)	Prec@5 100.000 (99.933)
Epoch: [4][300/1126], lr: 0.00500	Time 3.680 (1.534)	Data 2.933 (0.786)	Loss 0.0316 (0.0555)	Prec@1 100.000 (98.370)	Prec@5 100.000 (99.938)
Epoch: [4][320/1126], lr: 0.00500	Time 3.504 (1.531)	Data 2.747 (0.783)	Loss 0.0219 (0.0553)	Prec@1 100.000 (98.394)	Prec@5 100.000 (99.942)
Epoch: [4][340/1126], lr: 0.00500	Time 3.389 (1.526)	Data 2.650 (0.778)	Loss 0.0541 (0.0551)	Prec@1 96.875 (98.396)	Prec@5 100.000 (99.945)
Epoch: [4][360/1126], lr: 0.00500	Time 3.592 (1.525)	Data 2.852 (0.775)	Loss 0.0780 (0.0546)	Prec@1 100.000 (98.399)	Prec@5 100.000 (99.948)
Epoch: [4][380/1126], lr: 0.00500	Time 3.658 (1.522)	Data 2.918 (0.772)	Loss 0.0228 (0.0546)	Prec@1 100.000 (98.409)	Prec@5 100.000 (99.951)
Epoch: [4][400/1126], lr: 0.00500	Time 5.045 (1.526)	Data 4.308 (0.775)	Loss 0.0958 (0.0547)	Prec@1 93.750 (98.402)	Prec@5 100.000 (99.953)
Epoch: [4][420/1126], lr: 0.00500	Time 3.607 (1.526)	Data 2.865 (0.775)	Loss 0.0366 (0.0550)	Prec@1 100.000 (98.412)	Prec@5 100.000 (99.955)
Epoch: [4][440/1126], lr: 0.00500	Time 3.926 (1.527)	Data 3.187 (0.776)	Loss 0.0309 (0.0549)	Prec@1 100.000 (98.406)	Prec@5 100.000 (99.957)
Epoch: [4][460/1126], lr: 0.00500	Time 3.597 (1.527)	Data 2.847 (0.776)	Loss 0.0659 (0.0563)	Prec@1 96.875 (98.373)	Prec@5 100.000 (99.953)
Epoch: [4][480/1126], lr: 0.00500	Time 4.116 (1.529)	Data 3.378 (0.778)	Loss 0.0329 (0.0570)	Prec@1 100.000 (98.350)	Prec@5 100.000 (99.948)
Epoch: [4][500/1126], lr: 0.00500	Time 3.616 (1.528)	Data 2.880 (0.777)	Loss 0.0282 (0.0568)	Prec@1 100.000 (98.360)	Prec@5 100.000 (99.950)
Epoch: [4][520/1126], lr: 0.00500	Time 3.355 (1.528)	Data 2.619 (0.776)	Loss 0.0414 (0.0565)	Prec@1 100.000 (98.369)	Prec@5 100.000 (99.946)
Epoch: [4][540/1126], lr: 0.00500	Time 4.183 (1.528)	Data 3.447 (0.776)	Loss 0.0626 (0.0559)	Prec@1 96.875 (98.388)	Prec@5 100.000 (99.948)
Epoch: [4][560/1126], lr: 0.00500	Time 4.222 (1.529)	Data 3.484 (0.777)	Loss 0.0288 (0.0556)	Prec@1 100.000 (98.390)	Prec@5 100.000 (99.950)
Epoch: [4][580/1126], lr: 0.00500	Time 3.849 (1.528)	Data 3.070 (0.776)	Loss 0.1553 (0.0557)	Prec@1 96.875 (98.397)	Prec@5 100.000 (99.952)
Epoch: [4][600/1126], lr: 0.00500	Time 4.328 (1.530)	Data 3.590 (0.777)	Loss 0.0399 (0.0552)	Prec@1 96.875 (98.409)	Prec@5 100.000 (99.953)
Epoch: [4][620/1126], lr: 0.00500	Time 3.633 (1.529)	Data 2.894 (0.776)	Loss 0.0539 (0.0552)	Prec@1 100.000 (98.405)	Prec@5 100.000 (99.955)
Epoch: [4][640/1126], lr: 0.00500	Time 3.807 (1.527)	Data 3.061 (0.775)	Loss 0.0117 (0.0558)	Prec@1 100.000 (98.381)	Prec@5 100.000 (99.956)
Epoch: [4][660/1126], lr: 0.00500	Time 3.314 (1.525)	Data 2.574 (0.772)	Loss 0.0166 (0.0559)	Prec@1 100.000 (98.364)	Prec@5 100.000 (99.957)
Epoch: [4][680/1126], lr: 0.00500	Time 3.431 (1.523)	Data 2.691 (0.770)	Loss 0.0897 (0.0560)	Prec@1 96.875 (98.362)	Prec@5 100.000 (99.959)
Epoch: [4][700/1126], lr: 0.00500	Time 3.613 (1.521)	Data 2.878 (0.768)	Loss 0.0102 (0.0566)	Prec@1 100.000 (98.351)	Prec@5 100.000 (99.955)
Epoch: [4][720/1126], lr: 0.00500	Time 3.623 (1.519)	Data 2.871 (0.767)	Loss 0.0182 (0.0565)	Prec@1 100.000 (98.357)	Prec@5 100.000 (99.957)
Epoch: [4][740/1126], lr: 0.00500	Time 3.160 (1.518)	Data 2.426 (0.765)	Loss 0.0060 (0.0566)	Prec@1 100.000 (98.355)	Prec@5 100.000 (99.958)
Epoch: [4][760/1126], lr: 0.00500	Time 3.439 (1.517)	Data 2.707 (0.764)	Loss 0.0969 (0.0572)	Prec@1 96.875 (98.337)	Prec@5 100.000 (99.959)
Epoch: [4][780/1126], lr: 0.00500	Time 3.545 (1.516)	Data 2.812 (0.763)	Loss 0.2209 (0.0573)	Prec@1 96.875 (98.335)	Prec@5 96.875 (99.956)
Epoch: [4][800/1126], lr: 0.00500	Time 4.525 (1.516)	Data 3.771 (0.763)	Loss 0.0957 (0.0568)	Prec@1 96.875 (98.358)	Prec@5 100.000 (99.957)
Epoch: [4][820/1126], lr: 0.00500	Time 3.722 (1.518)	Data 2.983 (0.765)	Loss 0.0200 (0.0568)	Prec@1 100.000 (98.371)	Prec@5 100.000 (99.954)
Epoch: [4][840/1126], lr: 0.00500	Time 4.007 (1.519)	Data 3.269 (0.766)	Loss 0.0457 (0.0563)	Prec@1 100.000 (98.395)	Prec@5 100.000 (99.955)
Epoch: [4][860/1126], lr: 0.00500	Time 3.908 (1.520)	Data 3.161 (0.767)	Loss 0.0459 (0.0564)	Prec@1 100.000 (98.403)	Prec@5 100.000 (99.956)
Epoch: [4][880/1126], lr: 0.00500	Time 3.740 (1.521)	Data 3.005 (0.767)	Loss 0.0614 (0.0569)	Prec@1 96.875 (98.383)	Prec@5 100.000 (99.954)
Epoch: [4][900/1126], lr: 0.00500	Time 3.805 (1.522)	Data 3.068 (0.768)	Loss 0.0050 (0.0565)	Prec@1 100.000 (98.398)	Prec@5 100.000 (99.955)
Epoch: [4][920/1126], lr: 0.00500	Time 3.552 (1.523)	Data 2.816 (0.769)	Loss 0.0345 (0.0563)	Prec@1 100.000 (98.398)	Prec@5 100.000 (99.952)
Epoch: [4][940/1126], lr: 0.00500	Time 4.282 (1.523)	Data 3.537 (0.768)	Loss 0.0080 (0.0563)	Prec@1 100.000 (98.393)	Prec@5 100.000 (99.954)
Epoch: [4][960/1126], lr: 0.00500	Time 3.674 (1.523)	Data 2.939 (0.769)	Loss 0.0381 (0.0562)	Prec@1 100.000 (98.394)	Prec@5 100.000 (99.954)
Epoch: [4][980/1126], lr: 0.00500	Time 3.919 (1.523)	Data 3.184 (0.769)	Loss 0.1197 (0.0558)	Prec@1 93.750 (98.404)	Prec@5 100.000 (99.955)
Epoch: [4][1000/1126], lr: 0.00500	Time 3.812 (1.524)	Data 3.077 (0.769)	Loss 0.0397 (0.0556)	Prec@1 100.000 (98.405)	Prec@5 100.000 (99.956)
Epoch: [4][1020/1126], lr: 0.00500	Time 3.713 (1.525)	Data 2.962 (0.770)	Loss 0.0275 (0.0558)	Prec@1 100.000 (98.399)	Prec@5 100.000 (99.954)
Epoch: [4][1040/1126], lr: 0.00500	Time 3.419 (1.524)	Data 2.683 (0.769)	Loss 0.0201 (0.0558)	Prec@1 100.000 (98.400)	Prec@5 100.000 (99.952)
Epoch: [4][1060/1126], lr: 0.00500	Time 3.537 (1.522)	Data 2.803 (0.768)	Loss 0.0197 (0.0556)	Prec@1 100.000 (98.401)	Prec@5 100.000 (99.953)
Epoch: [4][1080/1126], lr: 0.00500	Time 3.625 (1.521)	Data 2.886 (0.766)	Loss 0.0250 (0.0556)	Prec@1 100.000 (98.404)	Prec@5 100.000 (99.954)
Epoch: [4][1100/1126], lr: 0.00500	Time 3.520 (1.519)	Data 2.781 (0.764)	Loss 0.0182 (0.0556)	Prec@1 100.000 (98.405)	Prec@5 100.000 (99.955)
Epoch: [4][1120/1126], lr: 0.00500	Time 3.492 (1.518)	Data 2.755 (0.763)	Loss 0.0079 (0.0555)	Prec@1 100.000 (98.414)	Prec@5 100.000 (99.955)
Epoch: [5][0/1126], lr: 0.00500	Time 6.639 (6.639)	Data 5.894 (5.894)	Loss 0.0424 (0.0424)	Prec@1 100.000 (100.000)	Prec@5 100.000 (100.000)
Epoch: [5][20/1126], lr: 0.00500	Time 3.162 (1.560)	Data 2.416 (0.821)	Loss 0.0333 (0.0508)	Prec@1 100.000 (98.512)	Prec@5 100.000 (100.000)
Epoch: [5][40/1126], lr: 0.00500	Time 2.952 (1.442)	Data 2.215 (0.693)	Loss 0.0344 (0.0548)	Prec@1 100.000 (98.628)	Prec@5 100.000 (100.000)
Epoch: [5][60/1126], lr: 0.00500	Time 2.789 (1.417)	Data 2.038 (0.670)	Loss 0.0121 (0.0538)	Prec@1 100.000 (98.412)	Prec@5 100.000 (100.000)
Epoch: [5][80/1126], lr: 0.00500	Time 3.068 (1.401)	Data 2.327 (0.654)	Loss 0.0203 (0.0485)	Prec@1 100.000 (98.611)	Prec@5 100.000 (100.000)
Epoch: [5][100/1126], lr: 0.00500	Time 2.884 (1.402)	Data 2.152 (0.656)	Loss 0.0243 (0.0505)	Prec@1 100.000 (98.577)	Prec@5 100.000 (100.000)
Epoch: [5][120/1126], lr: 0.00500	Time 3.049 (1.411)	Data 2.301 (0.665)	Loss 0.1271 (0.0494)	Prec@1 96.875 (98.605)	Prec@5 100.000 (100.000)
Epoch: [5][140/1126], lr: 0.00500	Time 2.217 (1.412)	Data 1.479 (0.667)	Loss 0.0662 (0.0474)	Prec@1 96.875 (98.670)	Prec@5 100.000 (99.978)
Epoch: [5][160/1126], lr: 0.00500	Time 2.196 (1.417)	Data 1.441 (0.672)	Loss 0.0448 (0.0474)	Prec@1 100.000 (98.641)	Prec@5 100.000 (99.981)
Epoch: [5][180/1126], lr: 0.00500	Time 1.507 (1.417)	Data 0.775 (0.672)	Loss 0.0329 (0.0480)	Prec@1 100.000 (98.636)	Prec@5 100.000 (99.983)
Epoch: [5][200/1126], lr: 0.00500	Time 1.050 (1.420)	Data 0.301 (0.674)	Loss 0.0208 (0.0477)	Prec@1 100.000 (98.663)	Prec@5 100.000 (99.984)
Epoch: [5][220/1126], lr: 0.00500	Time 0.736 (1.423)	Data 0.000 (0.678)	Loss 0.0266 (0.0479)	Prec@1 100.000 (98.657)	Prec@5 100.000 (99.986)
Epoch: [5][240/1126], lr: 0.00500	Time 0.734 (1.428)	Data 0.000 (0.684)	Loss 0.0817 (0.0479)	Prec@1 96.875 (98.587)	Prec@5 100.000 (99.987)
Epoch: [5][260/1126], lr: 0.00500	Time 0.757 (1.430)	Data 0.000 (0.686)	Loss 0.1017 (0.0483)	Prec@1 96.875 (98.599)	Prec@5 100.000 (99.988)
Epoch: [5][280/1126], lr: 0.00500	Time 0.748 (1.431)	Data 0.000 (0.687)	Loss 0.0229 (0.0474)	Prec@1 100.000 (98.654)	Prec@5 100.000 (99.989)
Epoch: [5][300/1126], lr: 0.00500	Time 0.753 (1.433)	Data 0.000 (0.687)	Loss 0.0199 (0.0474)	Prec@1 100.000 (98.671)	Prec@5 100.000 (99.990)
Epoch: [5][320/1126], lr: 0.00500	Time 0.751 (1.437)	Data 0.000 (0.691)	Loss 0.0039 (0.0467)	Prec@1 100.000 (98.734)	Prec@5 100.000 (99.990)
Epoch: [5][340/1126], lr: 0.00500	Time 0.752 (1.435)	Data 0.000 (0.689)	Loss 0.0663 (0.0461)	Prec@1 100.000 (98.772)	Prec@5 100.000 (99.982)
Epoch: [5][360/1126], lr: 0.00500	Time 0.761 (1.433)	Data 0.000 (0.685)	Loss 0.0756 (0.0462)	Prec@1 96.875 (98.727)	Prec@5 100.000 (99.983)
Epoch: [5][380/1126], lr: 0.00500	Time 0.871 (1.429)	Data 0.000 (0.680)	Loss 0.0823 (0.0459)	Prec@1 100.000 (98.737)	Prec@5 100.000 (99.984)
Epoch: [5][400/1126], lr: 0.00500	Time 0.788 (1.426)	Data 0.000 (0.676)	Loss 0.1079 (0.0470)	Prec@1 93.750 (98.714)	Prec@5 100.000 (99.984)
Epoch: [5][420/1126], lr: 0.00500	Time 0.806 (1.423)	Data 0.000 (0.672)	Loss 0.0193 (0.0472)	Prec@1 100.000 (98.708)	Prec@5 100.000 (99.985)
Epoch: [5][440/1126], lr: 0.00500	Time 0.812 (1.420)	Data 0.000 (0.669)	Loss 0.0760 (0.0489)	Prec@1 96.875 (98.639)	Prec@5 100.000 (99.986)
Epoch: [5][460/1126], lr: 0.00500	Time 0.873 (1.418)	Data 0.000 (0.665)	Loss 0.0150 (0.0493)	Prec@1 100.000 (98.631)	Prec@5 100.000 (99.986)
Epoch: [5][480/1126], lr: 0.00500	Time 0.845 (1.416)	Data 0.000 (0.663)	Loss 0.0365 (0.0497)	Prec@1 96.875 (98.610)	Prec@5 100.000 (99.987)
Epoch: [5][500/1126], lr: 0.00500	Time 0.732 (1.412)	Data 0.000 (0.660)	Loss 0.0212 (0.0496)	Prec@1 100.000 (98.615)	Prec@5 100.000 (99.988)
Epoch: [5][520/1126], lr: 0.00500	Time 0.772 (1.411)	Data 0.000 (0.658)	Loss 0.1988 (0.0497)	Prec@1 93.750 (98.620)	Prec@5 100.000 (99.988)
Epoch: [5][540/1126], lr: 0.00500	Time 0.872 (1.411)	Data 0.000 (0.658)	Loss 0.1511 (0.0498)	Prec@1 96.875 (98.614)	Prec@5 96.875 (99.983)
Epoch: [5][560/1126], lr: 0.00500	Time 0.736 (1.415)	Data 0.000 (0.661)	Loss 0.0592 (0.0501)	Prec@1 96.875 (98.607)	Prec@5 100.000 (99.978)
Epoch: [5][580/1126], lr: 0.00500	Time 0.810 (1.417)	Data 0.000 (0.663)	Loss 0.0086 (0.0503)	Prec@1 100.000 (98.602)	Prec@5 100.000 (99.978)
Epoch: [5][600/1126], lr: 0.00500	Time 0.734 (1.419)	Data 0.000 (0.664)	Loss 0.0393 (0.0508)	Prec@1 100.000 (98.591)	Prec@5 100.000 (99.974)
Epoch: [5][620/1126], lr: 0.00500	Time 0.895 (1.421)	Data 0.000 (0.665)	Loss 0.0269 (0.0515)	Prec@1 100.000 (98.576)	Prec@5 100.000 (99.975)
Epoch: [5][640/1126], lr: 0.00500	Time 0.810 (1.422)	Data 0.000 (0.666)	Loss 0.0145 (0.0523)	Prec@1 100.000 (98.567)	Prec@5 100.000 (99.976)
Epoch: [5][660/1126], lr: 0.00500	Time 0.833 (1.423)	Data 0.000 (0.666)	Loss 0.0319 (0.0525)	Prec@1 100.000 (98.553)	Prec@5 100.000 (99.976)
Epoch: [5][680/1126], lr: 0.00500	Time 0.912 (1.425)	Data 0.000 (0.667)	Loss 0.0457 (0.0530)	Prec@1 100.000 (98.527)	Prec@5 100.000 (99.972)
Epoch: [5][700/1126], lr: 0.00500	Time 0.765 (1.425)	Data 0.000 (0.667)	Loss 0.0146 (0.0534)	Prec@1 100.000 (98.511)	Prec@5 100.000 (99.969)
Epoch: [5][720/1126], lr: 0.00500	Time 0.812 (1.426)	Data 0.000 (0.668)	Loss 0.0346 (0.0533)	Prec@1 100.000 (98.522)	Prec@5 100.000 (99.970)
Epoch: [5][740/1126], lr: 0.00500	Time 0.812 (1.427)	Data 0.000 (0.668)	Loss 0.0245 (0.0533)	Prec@1 100.000 (98.532)	Prec@5 100.000 (99.970)
Epoch: [5][760/1126], lr: 0.00500	Time 0.753 (1.428)	Data 0.000 (0.669)	Loss 0.0317 (0.0542)	Prec@1 96.875 (98.493)	Prec@5 100.000 (99.967)
Epoch: [5][780/1126], lr: 0.00500	Time 0.802 (1.426)	Data 0.000 (0.667)	Loss 0.0114 (0.0539)	Prec@1 100.000 (98.512)	Prec@5 100.000 (99.968)
Epoch: [5][800/1126], lr: 0.00500	Time 0.742 (1.425)	Data 0.000 (0.666)	Loss 0.0294 (0.0539)	Prec@1 100.000 (98.517)	Prec@5 100.000 (99.969)
Epoch: [5][820/1126], lr: 0.00500	Time 0.801 (1.424)	Data 0.000 (0.665)	Loss 0.0376 (0.0537)	Prec@1 96.875 (98.523)	Prec@5 100.000 (99.970)
Epoch: [5][840/1126], lr: 0.00500	Time 0.804 (1.423)	Data 0.000 (0.664)	Loss 0.0070 (0.0533)	Prec@1 100.000 (98.543)	Prec@5 100.000 (99.970)
Epoch: [5][860/1126], lr: 0.00500	Time 0.832 (1.422)	Data 0.000 (0.662)	Loss 0.0311 (0.0534)	Prec@1 100.000 (98.534)	Prec@5 100.000 (99.971)
Epoch: [5][880/1126], lr: 0.00500	Time 0.825 (1.421)	Data 0.000 (0.661)	Loss 0.1066 (0.0534)	Prec@1 96.875 (98.542)	Prec@5 100.000 (99.968)
Epoch: [5][900/1126], lr: 0.00500	Time 0.808 (1.420)	Data 0.000 (0.660)	Loss 0.0305 (0.0535)	Prec@1 100.000 (98.529)	Prec@5 100.000 (99.965)
Epoch: [5][920/1126], lr: 0.00500	Time 0.737 (1.420)	Data 0.000 (0.659)	Loss 0.0361 (0.0535)	Prec@1 100.000 (98.531)	Prec@5 100.000 (99.963)
Epoch: [5][940/1126], lr: 0.00500	Time 0.806 (1.419)	Data 0.000 (0.659)	Loss 0.1011 (0.0536)	Prec@1 96.875 (98.535)	Prec@5 100.000 (99.963)
Epoch: [5][960/1126], lr: 0.00500	Time 0.759 (1.418)	Data 0.000 (0.657)	Loss 0.0482 (0.0536)	Prec@1 96.875 (98.530)	Prec@5 100.000 (99.964)
Epoch: [5][980/1126], lr: 0.00500	Time 0.735 (1.418)	Data 0.000 (0.657)	Loss 0.0837 (0.0537)	Prec@1 96.875 (98.522)	Prec@5 100.000 (99.965)
Epoch: [5][1000/1126], lr: 0.00500	Time 0.810 (1.421)	Data 0.000 (0.660)	Loss 0.0244 (0.0538)	Prec@1 100.000 (98.520)	Prec@5 100.000 (99.966)
Epoch: [5][1020/1126], lr: 0.00500	Time 0.821 (1.422)	Data 0.000 (0.660)	Loss 0.0127 (0.0534)	Prec@1 100.000 (98.534)	Prec@5 100.000 (99.966)
Epoch: [5][1040/1126], lr: 0.00500	Time 0.813 (1.423)	Data 0.000 (0.661)	Loss 0.0569 (0.0535)	Prec@1 100.000 (98.538)	Prec@5 100.000 (99.964)
Epoch: [5][1060/1126], lr: 0.00500	Time 0.810 (1.424)	Data 0.000 (0.662)	Loss 0.0315 (0.0535)	Prec@1 100.000 (98.536)	Prec@5 100.000 (99.965)
Epoch: [5][1080/1126], lr: 0.00500	Time 0.762 (1.424)	Data 0.000 (0.662)	Loss 0.4041 (0.0539)	Prec@1 90.625 (98.526)	Prec@5 100.000 (99.965)
Epoch: [5][1100/1126], lr: 0.00500	Time 0.817 (1.425)	Data 0.000 (0.663)	Loss 0.1769 (0.0545)	Prec@1 90.625 (98.507)	Prec@5 100.000 (99.963)
Epoch: [5][1120/1126], lr: 0.00500	Time 0.813 (1.427)	Data 0.000 (0.664)	Loss 0.1955 (0.0549)	Prec@1 93.750 (98.495)	Prec@5 100.000 (99.964)
Epoch: [6][0/1126], lr: 0.00050	Time 7.138 (7.138)	Data 6.403 (6.403)	Loss 0.0327 (0.0327)	Prec@1 100.000 (100.000)	Prec@5 100.000 (100.000)
Epoch: [6][20/1126], lr: 0.00050	Time 3.618 (1.693)	Data 2.880 (0.953)	Loss 0.1670 (0.0725)	Prec@1 96.875 (98.214)	Prec@5 100.000 (99.851)
Epoch: [6][40/1126], lr: 0.00050	Time 3.380 (1.558)	Data 2.645 (0.816)	Loss 0.0175 (0.0555)	Prec@1 100.000 (98.857)	Prec@5 100.000 (99.924)
Epoch: [6][60/1126], lr: 0.00050	Time 3.598 (1.519)	Data 2.859 (0.775)	Loss 0.1479 (0.0564)	Prec@1 96.875 (98.668)	Prec@5 100.000 (99.898)
Epoch: [6][80/1126], lr: 0.00050	Time 3.261 (1.495)	Data 2.520 (0.748)	Loss 0.1362 (0.0606)	Prec@1 96.875 (98.495)	Prec@5 100.000 (99.923)
Epoch: [6][100/1126], lr: 0.00050	Time 3.052 (1.464)	Data 2.314 (0.716)	Loss 0.0520 (0.0576)	Prec@1 96.875 (98.546)	Prec@5 100.000 (99.907)
Epoch: [6][120/1126], lr: 0.00050	Time 2.951 (1.440)	Data 2.212 (0.690)	Loss 0.0647 (0.0576)	Prec@1 96.875 (98.554)	Prec@5 100.000 (99.897)
Epoch: [6][140/1126], lr: 0.00050	Time 3.078 (1.424)	Data 2.340 (0.671)	Loss 0.0512 (0.0549)	Prec@1 96.875 (98.559)	Prec@5 100.000 (99.911)
Epoch: [6][160/1126], lr: 0.00050	Time 3.122 (1.413)	Data 2.328 (0.659)	Loss 0.2385 (0.0543)	Prec@1 96.875 (98.583)	Prec@5 100.000 (99.922)
Epoch: [6][180/1126], lr: 0.00050	Time 3.043 (1.405)	Data 2.274 (0.650)	Loss 0.0118 (0.0522)	Prec@1 100.000 (98.584)	Prec@5 100.000 (99.931)
Epoch: [6][200/1126], lr: 0.00050	Time 2.942 (1.397)	Data 2.199 (0.642)	Loss 0.0552 (0.0506)	Prec@1 96.875 (98.647)	Prec@5 100.000 (99.938)
Epoch: [6][220/1126], lr: 0.00050	Time 3.088 (1.391)	Data 2.342 (0.635)	Loss 0.0690 (0.0485)	Prec@1 96.875 (98.699)	Prec@5 100.000 (99.943)
Epoch: [6][240/1126], lr: 0.00050	Time 2.903 (1.386)	Data 2.166 (0.630)	Loss 0.0609 (0.0474)	Prec@1 100.000 (98.742)	Prec@5 100.000 (99.948)
Epoch: [6][260/1126], lr: 0.00050	Time 2.917 (1.381)	Data 2.168 (0.624)	Loss 0.0106 (0.0463)	Prec@1 100.000 (98.779)	Prec@5 100.000 (99.952)
Epoch: [6][280/1126], lr: 0.00050	Time 3.036 (1.378)	Data 2.272 (0.620)	Loss 0.0409 (0.0455)	Prec@1 96.875 (98.810)	Prec@5 100.000 (99.956)
Epoch: [6][300/1126], lr: 0.00050	Time 3.430 (1.379)	Data 2.662 (0.620)	Loss 0.0131 (0.0456)	Prec@1 100.000 (98.785)	Prec@5 100.000 (99.958)
Epoch: [6][320/1126], lr: 0.00050	Time 3.538 (1.384)	Data 2.801 (0.625)	Loss 0.0053 (0.0458)	Prec@1 100.000 (98.773)	Prec@5 100.000 (99.951)
Epoch: [6][340/1126], lr: 0.00050	Time 3.363 (1.387)	Data 2.628 (0.628)	Loss 0.0390 (0.0449)	Prec@1 96.875 (98.799)	Prec@5 100.000 (99.954)
Epoch: [6][360/1126], lr: 0.00050	Time 3.531 (1.389)	Data 2.774 (0.630)	Loss 0.1332 (0.0440)	Prec@1 93.750 (98.814)	Prec@5 100.000 (99.957)
Epoch: [6][380/1126], lr: 0.00050	Time 3.547 (1.391)	Data 2.786 (0.632)	Loss 0.0182 (0.0436)	Prec@1 100.000 (98.844)	Prec@5 100.000 (99.951)
Epoch: [6][400/1126], lr: 0.00050	Time 3.272 (1.392)	Data 2.527 (0.633)	Loss 0.0101 (0.0432)	Prec@1 100.000 (98.862)	Prec@5 100.000 (99.945)
Epoch: [6][420/1126], lr: 0.00050	Time 3.364 (1.393)	Data 2.626 (0.634)	Loss 0.0168 (0.0430)	Prec@1 100.000 (98.864)	Prec@5 100.000 (99.941)
Epoch: [6][440/1126], lr: 0.00050	Time 3.575 (1.395)	Data 2.836 (0.636)	Loss 0.0110 (0.0426)	Prec@1 100.000 (98.887)	Prec@5 100.000 (99.936)
Epoch: [6][460/1126], lr: 0.00050	Time 3.270 (1.395)	Data 2.522 (0.636)	Loss 0.0158 (0.0422)	Prec@1 100.000 (98.882)	Prec@5 100.000 (99.939)
Epoch: [6][480/1126], lr: 0.00050	Time 3.506 (1.398)	Data 2.770 (0.638)	Loss 0.0088 (0.0417)	Prec@1 100.000 (98.902)	Prec@5 100.000 (99.942)
Epoch: [6][500/1126], lr: 0.00050	Time 3.349 (1.399)	Data 2.601 (0.639)	Loss 0.0275 (0.0412)	Prec@1 100.000 (98.915)	Prec@5 100.000 (99.944)
Epoch: [6][520/1126], lr: 0.00050	Time 3.443 (1.401)	Data 2.699 (0.641)	Loss 0.0069 (0.0410)	Prec@1 100.000 (98.926)	Prec@5 100.000 (99.946)
Epoch: [6][540/1126], lr: 0.00050	Time 3.166 (1.400)	Data 2.419 (0.640)	Loss 0.0117 (0.0405)	Prec@1 100.000 (98.931)	Prec@5 100.000 (99.948)
Epoch: [6][560/1126], lr: 0.00050	Time 2.949 (1.398)	Data 2.202 (0.638)	Loss 0.0310 (0.0399)	Prec@1 100.000 (98.964)	Prec@5 100.000 (99.950)
Epoch: [6][580/1126], lr: 0.00050	Time 2.940 (1.395)	Data 2.188 (0.636)	Loss 0.0460 (0.0392)	Prec@1 100.000 (98.989)	Prec@5 100.000 (99.952)
Epoch: [6][600/1126], lr: 0.00050	Time 2.845 (1.393)	Data 2.083 (0.633)	Loss 0.0084 (0.0386)	Prec@1 100.000 (99.017)	Prec@5 100.000 (99.953)
Epoch: [6][620/1126], lr: 0.00050	Time 2.916 (1.390)	Data 2.177 (0.631)	Loss 0.0202 (0.0385)	Prec@1 100.000 (99.029)	Prec@5 100.000 (99.955)
Epoch: [6][640/1126], lr: 0.00050	Time 3.046 (1.388)	Data 2.283 (0.629)	Loss 0.0045 (0.0382)	Prec@1 100.000 (99.040)	Prec@5 100.000 (99.956)
Epoch: [6][660/1126], lr: 0.00050	Time 2.957 (1.387)	Data 2.212 (0.627)	Loss 0.0129 (0.0376)	Prec@1 100.000 (99.064)	Prec@5 100.000 (99.957)
Epoch: [6][680/1126], lr: 0.00050	Time 3.209 (1.385)	Data 2.473 (0.626)	Loss 0.0090 (0.0372)	Prec@1 100.000 (99.078)	Prec@5 100.000 (99.959)
Epoch: [6][700/1126], lr: 0.00050	Time 3.253 (1.384)	Data 2.515 (0.624)	Loss 0.0288 (0.0372)	Prec@1 100.000 (99.077)	Prec@5 100.000 (99.960)
Epoch: [6][720/1126], lr: 0.00050	Time 3.031 (1.382)	Data 2.280 (0.622)	Loss 0.0164 (0.0368)	Prec@1 100.000 (99.094)	Prec@5 100.000 (99.961)
Epoch: [6][740/1126], lr: 0.00050	Time 3.392 (1.382)	Data 2.653 (0.622)	Loss 0.0097 (0.0364)	Prec@1 100.000 (99.106)	Prec@5 100.000 (99.962)
Epoch: [6][760/1126], lr: 0.00050	Time 3.495 (1.383)	Data 2.752 (0.623)	Loss 0.0220 (0.0363)	Prec@1 100.000 (99.109)	Prec@5 100.000 (99.963)
Epoch: [6][780/1126], lr: 0.00050	Time 3.515 (1.386)	Data 2.759 (0.626)	Loss 0.0354 (0.0363)	Prec@1 100.000 (99.112)	Prec@5 100.000 (99.960)
Epoch: [6][800/1126], lr: 0.00050	Time 3.410 (1.387)	Data 2.672 (0.627)	Loss 0.0345 (0.0359)	Prec@1 100.000 (99.130)	Prec@5 100.000 (99.961)
Epoch: [6][820/1126], lr: 0.00050	Time 3.541 (1.388)	Data 2.788 (0.628)	Loss 0.0390 (0.0355)	Prec@1 100.000 (99.144)	Prec@5 100.000 (99.962)
Epoch: [6][840/1126], lr: 0.00050	Time 3.325 (1.389)	Data 2.591 (0.630)	Loss 0.0057 (0.0354)	Prec@1 100.000 (99.138)	Prec@5 100.000 (99.959)
Epoch: [6][860/1126], lr: 0.00050	Time 3.375 (1.390)	Data 2.625 (0.631)	Loss 0.0135 (0.0352)	Prec@1 100.000 (99.143)	Prec@5 100.000 (99.960)
Epoch: [6][880/1126], lr: 0.00050	Time 3.462 (1.391)	Data 2.718 (0.632)	Loss 0.0081 (0.0348)	Prec@1 100.000 (99.152)	Prec@5 100.000 (99.957)
Epoch: [6][900/1126], lr: 0.00050	Time 3.438 (1.391)	Data 2.689 (0.633)	Loss 0.0223 (0.0347)	Prec@1 100.000 (99.154)	Prec@5 100.000 (99.958)
Epoch: [6][920/1126], lr: 0.00050	Time 3.456 (1.392)	Data 2.713 (0.633)	Loss 0.0073 (0.0346)	Prec@1 100.000 (99.145)	Prec@5 100.000 (99.959)
Epoch: [6][940/1126], lr: 0.00050	Time 3.540 (1.392)	Data 2.788 (0.634)	Loss 0.0241 (0.0342)	Prec@1 100.000 (99.153)	Prec@5 100.000 (99.960)
Epoch: [6][960/1126], lr: 0.00050	Time 3.504 (1.393)	Data 2.745 (0.634)	Loss 0.0022 (0.0339)	Prec@1 100.000 (99.161)	Prec@5 100.000 (99.961)
Epoch: [6][980/1126], lr: 0.00050	Time 3.178 (1.394)	Data 2.439 (0.634)	Loss 0.0774 (0.0337)	Prec@1 96.875 (99.165)	Prec@5 100.000 (99.962)
Epoch: [6][1000/1126], lr: 0.00050	Time 3.133 (1.392)	Data 2.390 (0.633)	Loss 0.0083 (0.0334)	Prec@1 100.000 (99.173)	Prec@5 100.000 (99.959)
Epoch: [6][1020/1126], lr: 0.00050	Time 2.862 (1.391)	Data 2.119 (0.632)	Loss 0.0200 (0.0333)	Prec@1 100.000 (99.180)	Prec@5 100.000 (99.960)
Epoch: [6][1040/1126], lr: 0.00050	Time 3.299 (1.390)	Data 2.560 (0.631)	Loss 0.0078 (0.0330)	Prec@1 100.000 (99.183)	Prec@5 100.000 (99.961)
Epoch: [6][1060/1126], lr: 0.00050	Time 3.005 (1.389)	Data 2.236 (0.630)	Loss 0.0233 (0.0327)	Prec@1 100.000 (99.199)	Prec@5 100.000 (99.962)
Epoch: [6][1080/1126], lr: 0.00050	Time 2.974 (1.388)	Data 2.229 (0.629)	Loss 0.0113 (0.0327)	Prec@1 100.000 (99.185)	Prec@5 100.000 (99.962)
Epoch: [6][1100/1126], lr: 0.00050	Time 2.905 (1.387)	Data 2.146 (0.628)	Loss 0.0096 (0.0326)	Prec@1 100.000 (99.185)	Prec@5 100.000 (99.963)
Epoch: [6][1120/1126], lr: 0.00050	Time 2.968 (1.386)	Data 2.232 (0.627)	Loss 0.0061 (0.0324)	Prec@1 100.000 (99.192)	Prec@5 100.000 (99.964)
Epoch: [7][0/1126], lr: 0.00050	Time 6.593 (6.593)	Data 5.839 (5.839)	Loss 0.0073 (0.0073)	Prec@1 100.000 (100.000)	Prec@5 100.000 (100.000)
Epoch: [7][20/1126], lr: 0.00050	Time 3.207 (1.552)	Data 2.469 (0.815)	Loss 0.0147 (0.0233)	Prec@1 100.000 (99.702)	Prec@5 100.000 (100.000)
Epoch: [7][40/1126], lr: 0.00050	Time 2.819 (1.409)	Data 2.063 (0.669)	Loss 0.0084 (0.0207)	Prec@1 100.000 (99.695)	Prec@5 100.000 (100.000)
Epoch: [7][60/1126], lr: 0.00050	Time 3.006 (1.370)	Data 2.268 (0.629)	Loss 0.0848 (0.0207)	Prec@1 96.875 (99.641)	Prec@5 100.000 (100.000)
Epoch: [7][80/1126], lr: 0.00050	Time 3.189 (1.361)	Data 2.455 (0.621)	Loss 0.1173 (0.0242)	Prec@1 93.750 (99.460)	Prec@5 100.000 (99.961)
Epoch: [7][100/1126], lr: 0.00050	Time 3.768 (1.378)	Data 3.027 (0.636)	Loss 0.0065 (0.0249)	Prec@1 100.000 (99.319)	Prec@5 100.000 (99.969)
Epoch: [7][120/1126], lr: 0.00050	Time 3.454 (1.382)	Data 2.701 (0.640)	Loss 0.0056 (0.0228)	Prec@1 100.000 (99.406)	Prec@5 100.000 (99.974)
Epoch: [7][140/1126], lr: 0.00050	Time 3.182 (1.377)	Data 2.437 (0.635)	Loss 0.0061 (0.0236)	Prec@1 100.000 (99.379)	Prec@5 100.000 (99.978)
Epoch: [7][160/1126], lr: 0.00050	Time 3.148 (1.376)	Data 2.397 (0.634)	Loss 0.0106 (0.0229)	Prec@1 100.000 (99.398)	Prec@5 100.000 (99.981)
Epoch: [7][180/1126], lr: 0.00050	Time 3.181 (1.375)	Data 2.438 (0.631)	Loss 0.0328 (0.0234)	Prec@1 100.000 (99.361)	Prec@5 100.000 (99.983)
Epoch: [7][200/1126], lr: 0.00050	Time 3.273 (1.375)	Data 2.529 (0.631)	Loss 0.0203 (0.0224)	Prec@1 100.000 (99.409)	Prec@5 100.000 (99.984)
Epoch: [7][220/1126], lr: 0.00050	Time 3.139 (1.375)	Data 2.400 (0.632)	Loss 0.0434 (0.0233)	Prec@1 96.875 (99.350)	Prec@5 100.000 (99.986)
Epoch: [7][240/1126], lr: 0.00050	Time 3.222 (1.376)	Data 2.468 (0.632)	Loss 0.0056 (0.0237)	Prec@1 100.000 (99.326)	Prec@5 100.000 (99.987)
Epoch: [7][260/1126], lr: 0.00050	Time 3.322 (1.377)	Data 2.584 (0.633)	Loss 0.0058 (0.0237)	Prec@1 100.000 (99.353)	Prec@5 100.000 (99.988)
Epoch: [7][280/1126], lr: 0.00050	Time 3.373 (1.376)	Data 2.634 (0.633)	Loss 0.0177 (0.0241)	Prec@1 100.000 (99.366)	Prec@5 100.000 (99.989)
Epoch: [7][300/1126], lr: 0.00050	Time 3.074 (1.377)	Data 2.334 (0.632)	Loss 0.0994 (0.0239)	Prec@1 96.875 (99.377)	Prec@5 100.000 (99.990)
Epoch: [7][320/1126], lr: 0.00050	Time 2.957 (1.375)	Data 2.213 (0.631)	Loss 0.0054 (0.0238)	Prec@1 100.000 (99.387)	Prec@5 100.000 (99.990)
Epoch: [7][340/1126], lr: 0.00050	Time 2.969 (1.369)	Data 2.234 (0.625)	Loss 0.0188 (0.0235)	Prec@1 100.000 (99.395)	Prec@5 100.000 (99.991)
Epoch: [7][360/1126], lr: 0.00050	Time 2.832 (1.363)	Data 2.092 (0.619)	Loss 0.0142 (0.0242)	Prec@1 100.000 (99.351)	Prec@5 100.000 (99.991)
Epoch: [7][380/1126], lr: 0.00050	Time 2.876 (1.359)	Data 2.130 (0.615)	Loss 0.0290 (0.0245)	Prec@1 100.000 (99.336)	Prec@5 100.000 (99.992)
Epoch: [7][400/1126], lr: 0.00050	Time 2.677 (1.354)	Data 1.931 (0.611)	Loss 0.0301 (0.0246)	Prec@1 100.000 (99.338)	Prec@5 100.000 (99.992)
Epoch: [7][420/1126], lr: 0.00050	Time 2.786 (1.350)	Data 2.047 (0.606)	Loss 0.0057 (0.0245)	Prec@1 100.000 (99.347)	Prec@5 100.000 (99.993)
Epoch: [7][440/1126], lr: 0.00050	Time 3.047 (1.347)	Data 2.299 (0.604)	Loss 0.0113 (0.0247)	Prec@1 100.000 (99.341)	Prec@5 100.000 (99.993)
Epoch: [7][460/1126], lr: 0.00050	Time 2.941 (1.345)	Data 2.202 (0.601)	Loss 0.0291 (0.0247)	Prec@1 100.000 (99.336)	Prec@5 100.000 (99.993)
Epoch: [7][480/1126], lr: 0.00050	Time 2.731 (1.342)	Data 1.990 (0.598)	Loss 0.0208 (0.0247)	Prec@1 100.000 (99.337)	Prec@5 100.000 (99.994)
Epoch: [7][500/1126], lr: 0.00050	Time 2.726 (1.339)	Data 1.988 (0.595)	Loss 0.0266 (0.0245)	Prec@1 100.000 (99.345)	Prec@5 100.000 (99.994)
Epoch: [7][520/1126], lr: 0.00050	Time 3.056 (1.336)	Data 2.318 (0.593)	Loss 0.0165 (0.0246)	Prec@1 100.000 (99.352)	Prec@5 100.000 (99.988)
Epoch: [7][540/1126], lr: 0.00050	Time 2.798 (1.334)	Data 2.051 (0.591)	Loss 0.0016 (0.0244)	Prec@1 100.000 (99.365)	Prec@5 100.000 (99.988)
Epoch: [7][560/1126], lr: 0.00050	Time 3.118 (1.335)	Data 2.367 (0.592)	Loss 0.0947 (0.0245)	Prec@1 96.875 (99.365)	Prec@5 100.000 (99.989)
Epoch: [7][580/1126], lr: 0.00050	Time 3.220 (1.339)	Data 2.482 (0.595)	Loss 0.0235 (0.0244)	Prec@1 100.000 (99.376)	Prec@5 100.000 (99.989)
Epoch: [7][600/1126], lr: 0.00050	Time 2.989 (1.340)	Data 2.232 (0.596)	Loss 0.0037 (0.0247)	Prec@1 100.000 (99.376)	Prec@5 100.000 (99.984)
Epoch: [7][620/1126], lr: 0.00050	Time 3.129 (1.341)	Data 2.384 (0.596)	Loss 0.0055 (0.0248)	Prec@1 100.000 (99.376)	Prec@5 100.000 (99.985)
Epoch: [7][640/1126], lr: 0.00050	Time 3.195 (1.342)	Data 2.454 (0.597)	Loss 0.0037 (0.0252)	Prec@1 100.000 (99.361)	Prec@5 100.000 (99.980)
Epoch: [7][660/1126], lr: 0.00050	Time 3.104 (1.343)	Data 2.369 (0.598)	Loss 0.0069 (0.0253)	Prec@1 100.000 (99.357)	Prec@5 100.000 (99.976)
Epoch: [7][680/1126], lr: 0.00050	Time 3.083 (1.343)	Data 2.343 (0.598)	Loss 0.0264 (0.0252)	Prec@1 96.875 (99.367)	Prec@5 100.000 (99.977)
Epoch: [7][700/1126], lr: 0.00050	Time 3.191 (1.344)	Data 2.450 (0.598)	Loss 0.0083 (0.0248)	Prec@1 100.000 (99.385)	Prec@5 100.000 (99.978)
Epoch: [7][720/1126], lr: 0.00050	Time 3.117 (1.345)	Data 2.369 (0.598)	Loss 0.0044 (0.0248)	Prec@1 100.000 (99.380)	Prec@5 100.000 (99.978)
Epoch: [7][740/1126], lr: 0.00050	Time 3.488 (1.346)	Data 2.736 (0.599)	Loss 0.0494 (0.0247)	Prec@1 96.875 (99.384)	Prec@5 100.000 (99.975)
Epoch: [7][760/1126], lr: 0.00050	Time 3.038 (1.347)	Data 2.303 (0.599)	Loss 0.0074 (0.0247)	Prec@1 100.000 (99.380)	Prec@5 100.000 (99.975)
Epoch: [7][780/1126], lr: 0.00050	Time 3.164 (1.347)	Data 2.421 (0.599)	Loss 0.0609 (0.0248)	Prec@1 96.875 (99.376)	Prec@5 100.000 (99.976)
Epoch: [7][800/1126], lr: 0.00050	Time 2.738 (1.347)	Data 1.993 (0.599)	Loss 0.0275 (0.0247)	Prec@1 100.000 (99.380)	Prec@5 100.000 (99.977)
Epoch: [7][820/1126], lr: 0.00050	Time 2.747 (1.345)	Data 1.984 (0.597)	Loss 0.0212 (0.0248)	Prec@1 100.000 (99.376)	Prec@5 100.000 (99.977)
Epoch: [7][840/1126], lr: 0.00050	Time 2.802 (1.343)	Data 2.045 (0.595)	Loss 0.0129 (0.0248)	Prec@1 100.000 (99.376)	Prec@5 100.000 (99.978)
Epoch: [7][860/1126], lr: 0.00050	Time 2.819 (1.341)	Data 2.069 (0.593)	Loss 0.0137 (0.0247)	Prec@1 100.000 (99.383)	Prec@5 100.000 (99.978)
Epoch: [7][880/1126], lr: 0.00050	Time 2.829 (1.340)	Data 2.075 (0.592)	Loss 0.0233 (0.0247)	Prec@1 100.000 (99.386)	Prec@5 100.000 (99.979)
Epoch: [7][900/1126], lr: 0.00050	Time 2.822 (1.339)	Data 2.058 (0.591)	Loss 0.0046 (0.0246)	Prec@1 100.000 (99.397)	Prec@5 100.000 (99.979)
Epoch: [7][920/1126], lr: 0.00050	Time 2.639 (1.338)	Data 1.901 (0.590)	Loss 0.0199 (0.0246)	Prec@1 100.000 (99.403)	Prec@5 100.000 (99.980)
Epoch: [7][940/1126], lr: 0.00050	Time 2.988 (1.337)	Data 2.253 (0.588)	Loss 0.0070 (0.0246)	Prec@1 100.000 (99.402)	Prec@5 100.000 (99.980)
Epoch: [7][960/1126], lr: 0.00050	Time 2.658 (1.335)	Data 1.924 (0.587)	Loss 0.0198 (0.0244)	Prec@1 100.000 (99.411)	Prec@5 100.000 (99.980)
Epoch: [7][980/1126], lr: 0.00050	Time 2.765 (1.334)	Data 2.012 (0.585)	Loss 0.0117 (0.0245)	Prec@1 100.000 (99.414)	Prec@5 100.000 (99.981)
Epoch: [7][1000/1126], lr: 0.00050	Time 2.710 (1.333)	Data 1.952 (0.583)	Loss 0.0061 (0.0246)	Prec@1 100.000 (99.413)	Prec@5 100.000 (99.981)
Epoch: [7][1020/1126], lr: 0.00050	Time 3.340 (1.332)	Data 2.564 (0.583)	Loss 0.0301 (0.0245)	Prec@1 96.875 (99.412)	Prec@5 100.000 (99.982)
Epoch: [7][1040/1126], lr: 0.00050	Time 4.319 (1.334)	Data 3.568 (0.585)	Loss 0.0053 (0.0244)	Prec@1 100.000 (99.415)	Prec@5 100.000 (99.979)
Epoch: [7][1060/1126], lr: 0.00050	Time 3.221 (1.335)	Data 2.465 (0.585)	Loss 0.0016 (0.0243)	Prec@1 100.000 (99.417)	Prec@5 100.000 (99.979)
Epoch: [7][1080/1126], lr: 0.00050	Time 3.227 (1.335)	Data 2.490 (0.586)	Loss 0.0293 (0.0243)	Prec@1 100.000 (99.419)	Prec@5 100.000 (99.980)
Epoch: [7][1100/1126], lr: 0.00050	Time 3.308 (1.336)	Data 2.574 (0.587)	Loss 0.0037 (0.0242)	Prec@1 100.000 (99.424)	Prec@5 100.000 (99.980)
Epoch: [7][1120/1126], lr: 0.00050	Time 2.985 (1.336)	Data 2.246 (0.587)	Loss 0.0734 (0.0242)	Prec@1 96.875 (99.426)	Prec@5 100.000 (99.980)
Epoch: [8][0/1126], lr: 0.00005	Time 6.844 (6.844)	Data 6.098 (6.098)	Loss 0.0254 (0.0254)	Prec@1 100.000 (100.000)	Prec@5 100.000 (100.000)
Epoch: [8][20/1126], lr: 0.00005	Time 3.375 (1.636)	Data 2.630 (0.895)	Loss 0.0240 (0.0125)	Prec@1 100.000 (99.851)	Prec@5 100.000 (100.000)
Epoch: [8][40/1126], lr: 0.00005	Time 3.263 (1.503)	Data 2.524 (0.762)	Loss 0.0043 (0.0166)	Prec@1 100.000 (99.619)	Prec@5 100.000 (100.000)
Epoch: [8][60/1126], lr: 0.00005	Time 3.263 (1.454)	Data 2.518 (0.712)	Loss 0.0649 (0.0229)	Prec@1 100.000 (99.283)	Prec@5 100.000 (100.000)
Epoch: [8][80/1126], lr: 0.00005	Time 3.144 (1.430)	Data 2.400 (0.688)	Loss 0.0107 (0.0233)	Prec@1 100.000 (99.383)	Prec@5 100.000 (100.000)
Epoch: [8][100/1126], lr: 0.00005	Time 2.851 (1.414)	Data 2.099 (0.671)	Loss 0.0077 (0.0232)	Prec@1 100.000 (99.412)	Prec@5 100.000 (100.000)
Epoch: [8][120/1126], lr: 0.00005	Time 3.156 (1.407)	Data 2.413 (0.664)	Loss 0.0047 (0.0214)	Prec@1 100.000 (99.483)	Prec@5 100.000 (100.000)
Epoch: [8][140/1126], lr: 0.00005	Time 2.871 (1.396)	Data 2.116 (0.653)	Loss 0.0189 (0.0223)	Prec@1 100.000 (99.446)	Prec@5 100.000 (100.000)
Epoch: [8][160/1126], lr: 0.00005	Time 2.377 (1.379)	Data 1.635 (0.635)	Loss 0.0111 (0.0224)	Prec@1 100.000 (99.418)	Prec@5 100.000 (100.000)
Epoch: [8][180/1126], lr: 0.00005	Time 2.865 (1.368)	Data 2.122 (0.624)	Loss 0.0158 (0.0217)	Prec@1 100.000 (99.448)	Prec@5 100.000 (100.000)
Epoch: [8][200/1126], lr: 0.00005	Time 3.010 (1.361)	Data 2.276 (0.617)	Loss 0.0639 (0.0218)	Prec@1 96.875 (99.425)	Prec@5 100.000 (100.000)
Epoch: [8][220/1126], lr: 0.00005	Time 2.797 (1.352)	Data 2.060 (0.608)	Loss 0.0122 (0.0213)	Prec@1 100.000 (99.449)	Prec@5 100.000 (100.000)
Epoch: [8][240/1126], lr: 0.00005	Time 3.035 (1.346)	Data 2.284 (0.602)	Loss 0.0097 (0.0214)	Prec@1 100.000 (99.429)	Prec@5 100.000 (100.000)
Epoch: [8][260/1126], lr: 0.00005	Time 2.715 (1.339)	Data 1.979 (0.596)	Loss 0.0213 (0.0212)	Prec@1 100.000 (99.437)	Prec@5 100.000 (100.000)
Epoch: [8][280/1126], lr: 0.00005	Time 2.958 (1.335)	Data 2.218 (0.592)	Loss 0.0027 (0.0209)	Prec@1 100.000 (99.455)	Prec@5 100.000 (100.000)
Epoch: [8][300/1126], lr: 0.00005	Time 2.760 (1.331)	Data 2.026 (0.587)	Loss 0.0042 (0.0202)	Prec@1 100.000 (99.491)	Prec@5 100.000 (100.000)
Epoch: [8][320/1126], lr: 0.00005	Time 2.959 (1.328)	Data 2.218 (0.584)	Loss 0.0168 (0.0200)	Prec@1 100.000 (99.513)	Prec@5 100.000 (100.000)
Epoch: [8][340/1126], lr: 0.00005	Time 2.894 (1.324)	Data 2.130 (0.581)	Loss 0.0048 (0.0193)	Prec@1 100.000 (99.542)	Prec@5 100.000 (100.000)
Epoch: [8][360/1126], lr: 0.00005	Time 2.884 (1.321)	Data 2.148 (0.578)	Loss 0.0038 (0.0191)	Prec@1 100.000 (99.550)	Prec@5 100.000 (100.000)
Epoch: [8][380/1126], lr: 0.00005	Time 3.364 (1.324)	Data 2.592 (0.581)	Loss 0.0285 (0.0191)	Prec@1 96.875 (99.549)	Prec@5 100.000 (100.000)
Epoch: [8][400/1126], lr: 0.00005	Time 3.060 (1.325)	Data 2.326 (0.582)	Loss 0.0118 (0.0192)	Prec@1 100.000 (99.548)	Prec@5 100.000 (99.992)
Epoch: [8][420/1126], lr: 0.00005	Time 3.149 (1.327)	Data 2.408 (0.584)	Loss 0.0222 (0.0192)	Prec@1 100.000 (99.555)	Prec@5 100.000 (99.993)
Epoch: [8][440/1126], lr: 0.00005	Time 3.272 (1.329)	Data 2.531 (0.586)	Loss 0.1207 (0.0194)	Prec@1 96.875 (99.554)	Prec@5 100.000 (99.993)
Epoch: [8][460/1126], lr: 0.00005	Time 3.292 (1.331)	Data 2.554 (0.588)	Loss 0.0054 (0.0196)	Prec@1 100.000 (99.539)	Prec@5 100.000 (99.993)
Epoch: [8][480/1126], lr: 0.00005	Time 3.106 (1.332)	Data 2.367 (0.589)	Loss 0.0297 (0.0198)	Prec@1 100.000 (99.545)	Prec@5 100.000 (99.987)
Epoch: [8][500/1126], lr: 0.00005	Time 3.072 (1.333)	Data 2.328 (0.591)	Loss 0.0050 (0.0195)	Prec@1 100.000 (99.551)	Prec@5 100.000 (99.988)
Epoch: [8][520/1126], lr: 0.00005	Time 3.238 (1.334)	Data 2.502 (0.592)	Loss 0.0218 (0.0196)	Prec@1 100.000 (99.544)	Prec@5 100.000 (99.988)
Epoch: [8][540/1126], lr: 0.00005	Time 3.315 (1.336)	Data 2.579 (0.593)	Loss 0.0066 (0.0196)	Prec@1 100.000 (99.544)	Prec@5 100.000 (99.988)
Epoch: [8][560/1126], lr: 0.00005	Time 3.177 (1.336)	Data 2.441 (0.594)	Loss 0.0150 (0.0195)	Prec@1 100.000 (99.538)	Prec@5 100.000 (99.989)
Epoch: [8][580/1126], lr: 0.00005	Time 3.412 (1.338)	Data 2.668 (0.596)	Loss 0.0073 (0.0193)	Prec@1 100.000 (99.554)	Prec@5 100.000 (99.989)
Epoch: [8][600/1126], lr: 0.00005	Time 3.222 (1.339)	Data 2.482 (0.596)	Loss 0.0066 (0.0195)	Prec@1 100.000 (99.548)	Prec@5 100.000 (99.990)
Epoch: [8][620/1126], lr: 0.00005	Time 2.797 (1.338)	Data 2.057 (0.596)	Loss 0.0029 (0.0197)	Prec@1 100.000 (99.542)	Prec@5 100.000 (99.990)
Epoch: [8][640/1126], lr: 0.00005	Time 2.884 (1.336)	Data 2.146 (0.594)	Loss 0.0057 (0.0198)	Prec@1 100.000 (99.542)	Prec@5 100.000 (99.990)
Epoch: [8][660/1126], lr: 0.00005	Time 2.837 (1.335)	Data 2.079 (0.592)	Loss 0.0046 (0.0202)	Prec@1 100.000 (99.537)	Prec@5 100.000 (99.991)
Epoch: [8][680/1126], lr: 0.00005	Time 2.747 (1.332)	Data 2.000 (0.590)	Loss 0.0037 (0.0199)	Prec@1 100.000 (99.550)	Prec@5 100.000 (99.991)
Epoch: [8][700/1126], lr: 0.00005	Time 2.830 (1.331)	Data 2.088 (0.588)	Loss 0.0422 (0.0200)	Prec@1 96.875 (99.545)	Prec@5 100.000 (99.991)
Epoch: [8][720/1126], lr: 0.00005	Time 2.878 (1.329)	Data 2.140 (0.586)	Loss 0.0139 (0.0200)	Prec@1 100.000 (99.541)	Prec@5 100.000 (99.991)
Epoch: [8][740/1126], lr: 0.00005	Time 2.698 (1.327)	Data 1.947 (0.584)	Loss 0.0086 (0.0199)	Prec@1 100.000 (99.545)	Prec@5 100.000 (99.992)
Epoch: [8][760/1126], lr: 0.00005	Time 2.911 (1.326)	Data 2.177 (0.583)	Loss 0.0056 (0.0200)	Prec@1 100.000 (99.548)	Prec@5 100.000 (99.992)
Epoch: [8][780/1126], lr: 0.00005	Time 2.829 (1.325)	Data 2.088 (0.581)	Loss 0.0307 (0.0201)	Prec@1 96.875 (99.536)	Prec@5 100.000 (99.992)
Epoch: [8][800/1126], lr: 0.00005	Time 2.793 (1.323)	Data 2.046 (0.579)	Loss 0.0258 (0.0202)	Prec@1 100.000 (99.536)	Prec@5 100.000 (99.992)
Epoch: [8][820/1126], lr: 0.00005	Time 2.919 (1.322)	Data 2.181 (0.578)	Loss 0.0072 (0.0205)	Prec@1 100.000 (99.520)	Prec@5 100.000 (99.992)
Epoch: [8][840/1126], lr: 0.00005	Time 2.671 (1.320)	Data 1.908 (0.576)	Loss 0.0081 (0.0203)	Prec@1 100.000 (99.524)	Prec@5 100.000 (99.993)
Epoch: [8][860/1126], lr: 0.00005	Time 3.315 (1.322)	Data 2.576 (0.576)	Loss 0.0031 (0.0207)	Prec@1 100.000 (99.521)	Prec@5 100.000 (99.993)
Epoch: [8][880/1126], lr: 0.00005	Time 3.087 (1.322)	Data 2.336 (0.577)	Loss 0.0166 (0.0206)	Prec@1 100.000 (99.525)	Prec@5 100.000 (99.993)
Epoch: [8][900/1126], lr: 0.00005	Time 3.012 (1.323)	Data 2.272 (0.577)	Loss 0.0742 (0.0206)	Prec@1 96.875 (99.521)	Prec@5 100.000 (99.993)
Epoch: [8][920/1126], lr: 0.00005	Time 3.173 (1.324)	Data 2.432 (0.577)	Loss 0.0109 (0.0206)	Prec@1 100.000 (99.522)	Prec@5 100.000 (99.993)
Epoch: [8][940/1126], lr: 0.00005	Time 3.230 (1.325)	Data 2.494 (0.578)	Loss 0.0124 (0.0204)	Prec@1 100.000 (99.532)	Prec@5 100.000 (99.993)
Epoch: [8][960/1126], lr: 0.00005	Time 3.046 (1.326)	Data 2.303 (0.579)	Loss 0.0173 (0.0203)	Prec@1 100.000 (99.535)	Prec@5 100.000 (99.993)
Epoch: [8][980/1126], lr: 0.00005	Time 2.971 (1.326)	Data 2.233 (0.579)	Loss 0.0062 (0.0204)	Prec@1 100.000 (99.532)	Prec@5 100.000 (99.994)
Epoch: [8][1000/1126], lr: 0.00005	Time 3.052 (1.327)	Data 2.314 (0.579)	Loss 0.0203 (0.0205)	Prec@1 100.000 (99.529)	Prec@5 100.000 (99.994)
Epoch: [8][1020/1126], lr: 0.00005	Time 3.402 (1.328)	Data 2.660 (0.581)	Loss 0.1524 (0.0207)	Prec@1 93.750 (99.513)	Prec@5 100.000 (99.994)
Epoch: [8][1040/1126], lr: 0.00005	Time 3.020 (1.328)	Data 2.280 (0.581)	Loss 0.0213 (0.0209)	Prec@1 100.000 (99.508)	Prec@5 100.000 (99.994)
Epoch: [8][1060/1126], lr: 0.00005	Time 3.250 (1.329)	Data 2.515 (0.582)	Loss 0.0146 (0.0207)	Prec@1 100.000 (99.514)	Prec@5 100.000 (99.994)
Epoch: [8][1080/1126], lr: 0.00005	Time 3.295 (1.330)	Data 2.550 (0.583)	Loss 0.0031 (0.0207)	Prec@1 100.000 (99.517)	Prec@5 100.000 (99.994)
Epoch: [8][1100/1126], lr: 0.00005	Time 2.757 (1.330)	Data 2.002 (0.583)	Loss 0.0278 (0.0207)	Prec@1 100.000 (99.517)	Prec@5 100.000 (99.994)
Epoch: [8][1120/1126], lr: 0.00005	Time 2.768 (1.329)	Data 2.027 (0.582)	Loss 0.0138 (0.0206)	Prec@1 100.000 (99.515)	Prec@5 100.000 (99.994)
Epoch: [9][0/1126], lr: 0.00005	Time 6.372 (6.372)	Data 5.624 (5.624)	Loss 0.0215 (0.0215)	Prec@1 100.000 (100.000)	Prec@5 100.000 (100.000)
Epoch: [9][20/1126], lr: 0.00005	Time 2.966 (1.530)	Data 2.223 (0.788)	Loss 0.0291 (0.0216)	Prec@1 100.000 (99.554)	Prec@5 100.000 (100.000)
Epoch: [9][40/1126], lr: 0.00005	Time 3.148 (1.417)	Data 2.414 (0.675)	Loss 0.0043 (0.0182)	Prec@1 100.000 (99.619)	Prec@5 100.000 (100.000)
Epoch: [9][60/1126], lr: 0.00005	Time 3.040 (1.381)	Data 2.303 (0.639)	Loss 0.0050 (0.0167)	Prec@1 100.000 (99.693)	Prec@5 100.000 (100.000)
Epoch: [9][80/1126], lr: 0.00005	Time 3.019 (1.363)	Data 2.281 (0.617)	Loss 0.0068 (0.0167)	Prec@1 100.000 (99.653)	Prec@5 100.000 (100.000)
Epoch: [9][100/1126], lr: 0.00005	Time 3.029 (1.352)	Data 2.274 (0.605)	Loss 0.0827 (0.0183)	Prec@1 93.750 (99.567)	Prec@5 100.000 (100.000)
Epoch: [9][120/1126], lr: 0.00005	Time 2.980 (1.346)	Data 2.231 (0.596)	Loss 0.0041 (0.0191)	Prec@1 100.000 (99.535)	Prec@5 100.000 (100.000)
Epoch: [9][140/1126], lr: 0.00005	Time 2.863 (1.339)	Data 2.112 (0.589)	Loss 0.0093 (0.0191)	Prec@1 100.000 (99.557)	Prec@5 100.000 (100.000)
Epoch: [9][160/1126], lr: 0.00005	Time 2.828 (1.335)	Data 2.093 (0.582)	Loss 0.0155 (0.0189)	Prec@1 100.000 (99.573)	Prec@5 100.000 (100.000)
Epoch: [9][180/1126], lr: 0.00005	Time 2.833 (1.331)	Data 2.085 (0.577)	Loss 0.0107 (0.0184)	Prec@1 100.000 (99.603)	Prec@5 100.000 (100.000)
Epoch: [9][200/1126], lr: 0.00005	Time 3.165 (1.335)	Data 2.420 (0.580)	Loss 0.0539 (0.0193)	Prec@1 96.875 (99.565)	Prec@5 100.000 (100.000)
Epoch: [9][220/1126], lr: 0.00005	Time 3.297 (1.345)	Data 2.555 (0.589)	Loss 0.0035 (0.0192)	Prec@1 100.000 (99.562)	Prec@5 100.000 (100.000)
Epoch: [9][240/1126], lr: 0.00005	Time 3.200 (1.349)	Data 2.458 (0.593)	Loss 0.0054 (0.0191)	Prec@1 100.000 (99.585)	Prec@5 100.000 (100.000)
Epoch: [9][260/1126], lr: 0.00005	Time 3.330 (1.353)	Data 2.587 (0.595)	Loss 0.0265 (0.0193)	Prec@1 100.000 (99.557)	Prec@5 100.000 (100.000)
Epoch: [9][280/1126], lr: 0.00005	Time 3.206 (1.356)	Data 2.468 (0.597)	Loss 0.0045 (0.0188)	Prec@1 100.000 (99.577)	Prec@5 100.000 (100.000)
Epoch: [9][300/1126], lr: 0.00005	Time 3.281 (1.357)	Data 2.539 (0.599)	Loss 0.0113 (0.0191)	Prec@1 100.000 (99.574)	Prec@5 100.000 (100.000)
Epoch: [9][320/1126], lr: 0.00005	Time 3.323 (1.361)	Data 2.583 (0.603)	Loss 0.0109 (0.0193)	Prec@1 100.000 (99.552)	Prec@5 100.000 (100.000)
Epoch: [9][340/1126], lr: 0.00005	Time 3.234 (1.363)	Data 2.488 (0.604)	Loss 0.0144 (0.0196)	Prec@1 100.000 (99.542)	Prec@5 100.000 (100.000)
Epoch: [9][360/1126], lr: 0.00005	Time 3.417 (1.365)	Data 2.663 (0.606)	Loss 0.0067 (0.0199)	Prec@1 100.000 (99.533)	Prec@5 100.000 (100.000)
Epoch: [9][380/1126], lr: 0.00005	Time 3.315 (1.367)	Data 2.575 (0.607)	Loss 0.0037 (0.0198)	Prec@1 100.000 (99.541)	Prec@5 100.000 (100.000)
Epoch: [9][400/1126], lr: 0.00005	Time 3.113 (1.368)	Data 2.375 (0.607)	Loss 0.0037 (0.0196)	Prec@1 100.000 (99.540)	Prec@5 100.000 (100.000)
Epoch: [9][420/1126], lr: 0.00005	Time 3.328 (1.369)	Data 2.595 (0.608)	Loss 0.0290 (0.0201)	Prec@1 100.000 (99.518)	Prec@5 100.000 (100.000)
Epoch: [9][440/1126], lr: 0.00005	Time 2.773 (1.368)	Data 2.019 (0.607)	Loss 0.0087 (0.0204)	Prec@1 100.000 (99.518)	Prec@5 100.000 (99.993)
Epoch: [9][460/1126], lr: 0.00005	Time 2.907 (1.365)	Data 2.169 (0.604)	Loss 0.0040 (0.0215)	Prec@1 100.000 (99.492)	Prec@5 100.000 (99.993)
Epoch: [9][480/1126], lr: 0.00005	Time 2.795 (1.361)	Data 2.030 (0.600)	Loss 0.0553 (0.0213)	Prec@1 96.875 (99.493)	Prec@5 100.000 (99.994)
Epoch: [9][500/1126], lr: 0.00005	Time 2.767 (1.359)	Data 2.003 (0.597)	Loss 0.0018 (0.0210)	Prec@1 100.000 (99.513)	Prec@5 100.000 (99.994)
Epoch: [9][520/1126], lr: 0.00005	Time 2.824 (1.356)	Data 2.086 (0.594)	Loss 0.0142 (0.0213)	Prec@1 100.000 (99.508)	Prec@5 100.000 (99.994)
Epoch: [9][540/1126], lr: 0.00005	Time 2.887 (1.354)	Data 2.152 (0.592)	Loss 0.0473 (0.0211)	Prec@1 96.875 (99.515)	Prec@5 100.000 (99.994)
Epoch: [9][560/1126], lr: 0.00005	Time 2.846 (1.351)	Data 2.105 (0.589)	Loss 0.0084 (0.0211)	Prec@1 100.000 (99.515)	Prec@5 100.000 (99.994)
Epoch: [9][580/1126], lr: 0.00005	Time 2.778 (1.349)	Data 2.036 (0.587)	Loss 0.0076 (0.0211)	Prec@1 100.000 (99.521)	Prec@5 100.000 (99.995)
Epoch: [9][600/1126], lr: 0.00005	Time 3.016 (1.348)	Data 2.276 (0.586)	Loss 0.0017 (0.0210)	Prec@1 100.000 (99.522)	Prec@5 100.000 (99.995)
Epoch: [9][620/1126], lr: 0.00005	Time 2.889 (1.347)	Data 2.144 (0.584)	Loss 0.0085 (0.0208)	Prec@1 100.000 (99.532)	Prec@5 100.000 (99.995)
Epoch: [9][640/1126], lr: 0.00005	Time 2.894 (1.345)	Data 2.156 (0.583)	Loss 0.0037 (0.0206)	Prec@1 100.000 (99.542)	Prec@5 100.000 (99.995)
Epoch: [9][660/1126], lr: 0.00005	Time 3.144 (1.345)	Data 2.398 (0.583)	Loss 0.0260 (0.0205)	Prec@1 100.000 (99.541)	Prec@5 100.000 (99.995)
Epoch: [9][680/1126], lr: 0.00005	Time 3.147 (1.348)	Data 2.405 (0.586)	Loss 0.0036 (0.0204)	Prec@1 100.000 (99.546)	Prec@5 100.000 (99.995)
Epoch: [9][700/1126], lr: 0.00005	Time 3.148 (1.349)	Data 2.410 (0.587)	Loss 0.0074 (0.0206)	Prec@1 100.000 (99.527)	Prec@5 100.000 (99.996)
Epoch: [9][720/1126], lr: 0.00005	Time 3.232 (1.350)	Data 2.485 (0.588)	Loss 0.0029 (0.0205)	Prec@1 100.000 (99.519)	Prec@5 100.000 (99.996)
Epoch: [9][740/1126], lr: 0.00005	Time 3.209 (1.351)	Data 2.465 (0.589)	Loss 0.0054 (0.0206)	Prec@1 100.000 (99.515)	Prec@5 100.000 (99.996)
Epoch: [9][760/1126], lr: 0.00005	Time 3.303 (1.352)	Data 2.565 (0.590)	Loss 0.0050 (0.0204)	Prec@1 100.000 (99.520)	Prec@5 100.000 (99.996)
Epoch: [9][780/1126], lr: 0.00005	Time 3.280 (1.354)	Data 2.544 (0.591)	Loss 0.0171 (0.0203)	Prec@1 100.000 (99.528)	Prec@5 100.000 (99.996)
Epoch: [9][800/1126], lr: 0.00005	Time 3.189 (1.354)	Data 2.441 (0.592)	Loss 0.0096 (0.0201)	Prec@1 100.000 (99.536)	Prec@5 100.000 (99.996)
Epoch: [9][820/1126], lr: 0.00005	Time 3.062 (1.356)	Data 2.315 (0.593)	Loss 0.0064 (0.0200)	Prec@1 100.000 (99.536)	Prec@5 100.000 (99.996)
Epoch: [9][840/1126], lr: 0.00005	Time 3.231 (1.356)	Data 2.475 (0.593)	Loss 0.0040 (0.0200)	Prec@1 100.000 (99.536)	Prec@5 100.000 (99.996)
Epoch: [9][860/1126], lr: 0.00005	Time 3.168 (1.357)	Data 2.418 (0.594)	Loss 0.0155 (0.0199)	Prec@1 100.000 (99.543)	Prec@5 100.000 (99.996)
Epoch: [9][880/1126], lr: 0.00005	Time 3.306 (1.358)	Data 2.571 (0.595)	Loss 0.0159 (0.0201)	Prec@1 100.000 (99.539)	Prec@5 100.000 (99.993)
Epoch: [9][900/1126], lr: 0.00005	Time 2.854 (1.358)	Data 2.119 (0.595)	Loss 0.0142 (0.0203)	Prec@1 100.000 (99.528)	Prec@5 100.000 (99.990)
Epoch: [9][920/1126], lr: 0.00005	Time 2.829 (1.356)	Data 2.074 (0.593)	Loss 0.0068 (0.0203)	Prec@1 100.000 (99.525)	Prec@5 100.000 (99.990)
Epoch: [9][940/1126], lr: 0.00005	Time 2.839 (1.355)	Data 2.091 (0.592)	Loss 0.0761 (0.0204)	Prec@1 96.875 (99.522)	Prec@5 100.000 (99.990)
Epoch: [9][960/1126], lr: 0.00005	Time 2.897 (1.354)	Data 2.164 (0.591)	Loss 0.0079 (0.0203)	Prec@1 100.000 (99.525)	Prec@5 100.000 (99.990)
Epoch: [9][980/1126], lr: 0.00005	Time 2.944 (1.353)	Data 2.208 (0.590)	Loss 0.0133 (0.0204)	Prec@1 100.000 (99.522)	Prec@5 100.000 (99.990)
Epoch: [9][1000/1126], lr: 0.00005	Time 3.087 (1.352)	Data 2.350 (0.589)	Loss 0.0125 (0.0205)	Prec@1 100.000 (99.525)	Prec@5 100.000 (99.991)
Epoch: [9][1020/1126], lr: 0.00005	Time 2.893 (1.351)	Data 2.153 (0.588)	Loss 0.0128 (0.0204)	Prec@1 100.000 (99.526)	Prec@5 100.000 (99.991)
Epoch: [9][1040/1126], lr: 0.00005	Time 2.954 (1.351)	Data 2.211 (0.588)	Loss 0.0058 (0.0203)	Prec@1 100.000 (99.535)	Prec@5 100.000 (99.991)
Epoch: [9][1060/1126], lr: 0.00005	Time 2.812 (1.349)	Data 2.060 (0.586)	Loss 0.0059 (0.0203)	Prec@1 100.000 (99.541)	Prec@5 100.000 (99.991)
Epoch: [9][1080/1126], lr: 0.00005	Time 2.913 (1.349)	Data 2.173 (0.586)	Loss 0.0386 (0.0202)	Prec@1 96.875 (99.543)	Prec@5 100.000 (99.991)
Epoch: [9][1100/1126], lr: 0.00005	Time 2.833 (1.348)	Data 2.080 (0.585)	Loss 0.0487 (0.0202)	Prec@1 96.875 (99.543)	Prec@5 100.000 (99.991)
Epoch: [9][1120/1126], lr: 0.00005	Time 3.118 (1.348)	Data 2.367 (0.584)	Loss 0.0057 (0.0200)	Prec@1 100.000 (99.551)	Prec@5 100.000 (99.992)
Test: [0/1127]	Time 6.709 (6.709)	Loss 0.0028 (0.0028)	Prec@1 100.000 (100.000)	Prec@5 100.000 (100.000)
Test: [20/1127]	Time 5.347 (1.811)	Loss 0.0016 (0.0035)	Prec@1 100.000 (100.000)	Prec@5 100.000 (100.000)
Test: [40/1127]	Time 5.705 (1.656)	Loss 0.0005 (0.0021)	Prec@1 100.000 (100.000)	Prec@5 100.000 (100.000)
Test: [60/1127]	Time 5.380 (1.598)	Loss 0.0017 (0.0018)	Prec@1 100.000 (100.000)	Prec@5 100.000 (100.000)
Test: [80/1127]	Time 5.254 (1.582)	Loss 0.0001 (0.0017)	Prec@1 100.000 (100.000)	Prec@5 100.000 (100.000)
Test: [100/1127]	Time 5.688 (1.569)	Loss 0.0004 (0.0024)	Prec@1 100.000 (100.000)	Prec@5 100.000 (100.000)
Test: [120/1127]	Time 5.748 (1.559)	Loss 0.0001 (0.0020)	Prec@1 100.000 (100.000)	Prec@5 100.000 (100.000)
Test: [140/1127]	Time 5.317 (1.548)	Loss 0.0021 (0.0019)	Prec@1 100.000 (100.000)	Prec@5 100.000 (100.000)
Test: [160/1127]	Time 5.525 (1.545)	Loss 0.0006 (0.0019)	Prec@1 100.000 (100.000)	Prec@5 100.000 (100.000)
Test: [180/1127]	Time 5.185 (1.540)	Loss 0.0005 (0.0020)	Prec@1 100.000 (99.983)	Prec@5 100.000 (100.000)
Test: [200/1127]	Time 5.141 (1.534)	Loss 0.0014 (0.0020)	Prec@1 100.000 (99.984)	Prec@5 100.000 (100.000)
Test: [220/1127]	Time 4.854 (1.524)	Loss 0.0004 (0.0020)	Prec@1 100.000 (99.986)	Prec@5 100.000 (100.000)
Test: [240/1127]	Time 5.165 (1.516)	Loss 0.0003 (0.0020)	Prec@1 100.000 (99.987)	Prec@5 100.000 (100.000)
Test: [260/1127]	Time 5.014 (1.510)	Loss 0.0002 (0.0020)	Prec@1 100.000 (99.988)	Prec@5 100.000 (100.000)
Test: [280/1127]	Time 5.026 (1.506)	Loss 0.0003 (0.0020)	Prec@1 100.000 (99.989)	Prec@5 100.000 (100.000)
Test: [300/1127]	Time 5.529 (1.502)	Loss 0.0004 (0.0024)	Prec@1 100.000 (99.969)	Prec@5 100.000 (100.000)
Test: [320/1127]	Time 5.099 (1.496)	Loss 0.0004 (0.0024)	Prec@1 100.000 (99.971)	Prec@5 100.000 (100.000)
Test: [340/1127]	Time 5.268 (1.491)	Loss 0.0001 (0.0024)	Prec@1 100.000 (99.963)	Prec@5 100.000 (100.000)
Test: [360/1127]	Time 5.057 (1.486)	Loss 0.0154 (0.0025)	Prec@1 100.000 (99.965)	Prec@5 100.000 (100.000)
Test: [380/1127]	Time 4.900 (1.483)	Loss 0.0001 (0.0032)	Prec@1 100.000 (99.951)	Prec@5 100.000 (100.000)
Test: [400/1127]	Time 5.232 (1.479)	Loss 0.0035 (0.0031)	Prec@1 100.000 (99.953)	Prec@5 100.000 (100.000)
Test: [420/1127]	Time 5.528 (1.479)	Loss 0.0012 (0.0031)	Prec@1 100.000 (99.948)	Prec@5 100.000 (100.000)
Test: [440/1127]	Time 5.753 (1.485)	Loss 0.0025 (0.0030)	Prec@1 100.000 (99.950)	Prec@5 100.000 (100.000)
Test: [460/1127]	Time 5.333 (1.484)	Loss 0.0008 (0.0030)	Prec@1 100.000 (99.953)	Prec@5 100.000 (100.000)
Test: [480/1127]	Time 5.367 (1.485)	Loss 0.0001 (0.0029)	Prec@1 100.000 (99.955)	Prec@5 100.000 (100.000)
Test: [500/1127]	Time 5.381 (1.486)	Loss 0.0001 (0.0028)	Prec@1 100.000 (99.950)	Prec@5 100.000 (100.000)
Test: [520/1127]	Time 5.381 (1.486)	Loss 0.0047 (0.0028)	Prec@1 100.000 (99.952)	Prec@5 100.000 (100.000)
Test: [540/1127]	Time 5.392 (1.486)	Loss 0.0009 (0.0027)	Prec@1 100.000 (99.954)	Prec@5 100.000 (100.000)
Test: [560/1127]	Time 5.423 (1.487)	Loss 0.0003 (0.0027)	Prec@1 100.000 (99.955)	Prec@5 100.000 (100.000)
Test: [580/1127]	Time 5.326 (1.486)	Loss 0.0010 (0.0026)	Prec@1 100.000 (99.957)	Prec@5 100.000 (100.000)
Test: [600/1127]	Time 5.255 (1.486)	Loss 0.0009 (0.0026)	Prec@1 100.000 (99.958)	Prec@5 100.000 (100.000)
Test: [620/1127]	Time 5.003 (1.485)	Loss 0.0002 (0.0026)	Prec@1 100.000 (99.960)	Prec@5 100.000 (100.000)
Test: [640/1127]	Time 5.030 (1.485)	Loss 0.0273 (0.0026)	Prec@1 96.875 (99.956)	Prec@5 100.000 (100.000)
Test: [660/1127]	Time 5.209 (1.483)	Loss 0.0004 (0.0027)	Prec@1 100.000 (99.953)	Prec@5 100.000 (100.000)
Test: [680/1127]	Time 5.065 (1.481)	Loss 0.0005 (0.0027)	Prec@1 100.000 (99.954)	Prec@5 100.000 (100.000)
Test: [700/1127]	Time 4.917 (1.478)	Loss 0.0003 (0.0027)	Prec@1 100.000 (99.955)	Prec@5 100.000 (100.000)
Test: [720/1127]	Time 5.059 (1.476)	Loss 0.0007 (0.0026)	Prec@1 100.000 (99.957)	Prec@5 100.000 (100.000)
Test: [740/1127]	Time 4.940 (1.475)	Loss 0.0024 (0.0026)	Prec@1 100.000 (99.958)	Prec@5 100.000 (100.000)
Test: [760/1127]	Time 5.010 (1.473)	Loss 0.0000 (0.0027)	Prec@1 100.000 (99.955)	Prec@5 100.000 (100.000)
Test: [780/1127]	Time 4.582 (1.471)	Loss 0.0012 (0.0027)	Prec@1 100.000 (99.956)	Prec@5 100.000 (100.000)
Test: [800/1127]	Time 4.711 (1.469)	Loss 0.0014 (0.0027)	Prec@1 100.000 (99.957)	Prec@5 100.000 (100.000)
Test: [820/1127]	Time 4.468 (1.467)	Loss 0.0002 (0.0026)	Prec@1 100.000 (99.958)	Prec@5 100.000 (100.000)
Test: [840/1127]	Time 4.969 (1.466)	Loss 0.0002 (0.0026)	Prec@1 100.000 (99.959)	Prec@5 100.000 (100.000)
Test: [860/1127]	Time 4.485 (1.467)	Loss 0.0006 (0.0026)	Prec@1 100.000 (99.960)	Prec@5 100.000 (100.000)
Test: [880/1127]	Time 4.992 (1.469)	Loss 0.0045 (0.0026)	Prec@1 100.000 (99.961)	Prec@5 100.000 (100.000)
Test: [900/1127]	Time 5.230 (1.471)	Loss 0.0003 (0.0025)	Prec@1 100.000 (99.962)	Prec@5 100.000 (100.000)
Test: [920/1127]	Time 5.064 (1.474)	Loss 0.0004 (0.0025)	Prec@1 100.000 (99.963)	Prec@5 100.000 (100.000)
Test: [940/1127]	Time 5.221 (1.476)	Loss 0.0005 (0.0025)	Prec@1 100.000 (99.963)	Prec@5 100.000 (100.000)
Test: [960/1127]	Time 5.099 (1.479)	Loss 0.0004 (0.0025)	Prec@1 100.000 (99.964)	Prec@5 100.000 (100.000)
Test: [980/1127]	Time 5.360 (1.480)	Loss 0.0002 (0.0025)	Prec@1 100.000 (99.965)	Prec@5 100.000 (100.000)
Test: [1000/1127]	Time 6.007 (1.483)	Loss 0.0074 (0.0025)	Prec@1 100.000 (99.966)	Prec@5 100.000 (100.000)
Test: [1020/1127]	Time 5.342 (1.485)	Loss 0.0085 (0.0025)	Prec@1 100.000 (99.966)	Prec@5 100.000 (100.000)
Test: [1040/1127]	Time 5.375 (1.487)	Loss 0.0529 (0.0026)	Prec@1 96.875 (99.958)	Prec@5 100.000 (100.000)
Test: [1060/1127]	Time 5.317 (1.488)	Loss 0.0006 (0.0030)	Prec@1 100.000 (99.950)	Prec@5 100.000 (100.000)
Test: [1080/1127]	Time 4.995 (1.487)	Loss 0.0321 (0.0031)	Prec@1 96.875 (99.945)	Prec@5 100.000 (100.000)
Test: [1100/1127]	Time 5.634 (1.487)	Loss 0.0076 (0.0033)	Prec@1 100.000 (99.940)	Prec@5 100.000 (100.000)
Test: [1120/1127]	Time 5.842 (1.487)	Loss 0.0039 (0.0034)	Prec@1 100.000 (99.933)	Prec@5 100.000 (100.000)
Testing Results: Prec@1 99.933 Prec@5 100.000 Loss 0.00344
Best Prec@1: 99.933

